use db_logistica_entrega

INSERT INTO `motorista` (`IdMotorista`, `Nom_Moto`, `Endere`, `Bairro`, `Cidade`) VALUES
(1, 'pedro calixto araujo da silva', 'av. ferroviaria,10 ,iguape - ios', 'iguape', 'Curitiba'),
(2, 'samuel luiz pereira', 'rua 2, nº 87, jd primavera - itb', 'jardim primaver', 'Natal'),
(3, 'jose de souza pinho', 'rua saturnino josé soares', NULL, 'Natal'),
(4, 'antenor ferreira dos santos', 'rua brasilia, s/nº,california - itb', 'california', 'Belem'),
(5, 'valmir ivo marques da silveira', 'rua são jorge, 172,salobrinho - ios', 'salobrinho', 'Belem'),
(6, 'edvaldo miranda de souza', 'caminho  02, nº 71,  jd primavera - itb', 'jd primavera', 'Brasilia'),
(7, 'hélcio da cunha bastos', 'rua, 10, nº 107,sapetinga - ios', 'sapetinga', 'Brasilia'),
(8, 'jorge luis de jesus bezerra', 'rua maria luiza,325 - iguape - ios', 'iguape', 'Brasilia'),
(9, 'alicio gonçalves damascena filho', 'rua da linha, 980 , barra - ios', 'barra', 'Natal'),
(10, 'luiz alberto de lima', 'r. santos dumont, nº142,s. antonio-itb', 'santo antonio', 'Joao Pessoa'),
(11, 'josinaldo de oliveira  santos', 'rua monte alto, 234- sao caetano - itb', 'são caetano', 'Curitiba'),
(12, 'alceste silva bonfim', 'r. monseor evaristo, 372,conquista- ios', 'conquista', 'São Paulo'),
(13, 'roberto felix nascimento', 'av. roberto santos,nº 268,malhado- ios', 'malhado', 'Curitiba'),
(14, 'soubes armando filho', 'r. caetano de almeida, 70,centro-itb', 'centro', 'São Paulo'),
(15, 'jose venâncio filho', 'r. m, nº 30, lt. s. joão,pontalzinho-i', 'pontalzinho', 'Natal');


INSERT INTO `abastecimento` (`Codigo`, `Codigo_Co`, `Placa_Co`, `Data_Co`, `Posto_Co`, `Inicial`, `Final`, `Quantid`, `Unitario`, `Total_Co`, `Id_Motorista`) VALUES
(30, 1331, 'JKZ-4291', '0202-04-01 00:00:00', 'universal', 196395, 196435, 49.04, '1.6400', '80.4200', 1),
(31, 1348, 'JKZ-7052', '0202-04-11 00:00:00', 'universal', 28756, 29226, 70, '0.8300', '58.1000', 2),
(32, 1355, 'JKZ-6746', '0202-04-11 00:00:00', 'universal', 3036, 3592, 32, '0.8300', '26.5600', 3),
(33, 1353, 'JKZ-6746', '0202-04-17 00:00:00', 'universal', 3837, 4333, 28, '0.8300', '23.2400', 4),
(34, 2061, 'JKZ-9738', '0202-09-11 00:00:00', 'universal', 56275, 56883, 61, '0.9700', '59.1700', 5),
(35, 5175, 'JKZ-4948', '0204-07-20 00:00:00', 'posto bavil', 237837, 238362, 53.82, '1.3900', '74.8100', 6),
(36, 5527, 'JPZ-2661', '0204-09-22 00:00:00', 'cinquentenário', 57277, 57660, 28.399, '2.0500', '58.2200', 7),
(37, 5484, 'JPZ-2663', '0204-09-25 00:00:00', 'cinquentenário', 56576, 57156, 54.533, '2.0500', '111.7900', 8),
(38, 5601, 'JPZ-2662', '0204-11-29 00:00:00', 'cinquentenário', 62180, 62617, 31.862, '2.2100', '70.4200', 9),
(39, 1433, 'JKZ-6921', '2001-02-08 00:00:00', 'universal', 138253, 138301, 20, '1.6400', '32.8000', 10),
(40, 1042, 'JKZ-6921', '2002-01-02 00:00:00', 'universal', 141364, 141466, 30, '1.6400', '49.2000', 11),
(41, 1082, 'JKZ-4291', '2002-01-02 00:00:00', 'posto bavil', 185480, 185520, 53.8, '1.6400', '88.2300', 12),
(42, 1110, 'JKZ-6200', '2002-01-02 00:00:00', 'univ', 11400, 11535, 51, '1.6400', '83.6400', 13),
(43, 1083, 'JKZ-4291', '2002-01-03 00:00:00', 'posto bavil', 185520, 185855, 41, '1.6400', '67.2400', 14),
(44, 1100, 'JKZ-7704', '2002-01-03 00:00:00', 'brasileiro', 84167, 84344, 39, '1.6400', '63.9600', 15),
(45, 1456, 'JKZ-6746', '2002-01-03 00:00:00', 'universal', 54216, 54700, 62, '0.8300', '51.4600', 16),
(46, 1141, 'JKZ-7053', '2002-01-03 00:00:00', 'posto bavil', 121166, 121257, 52.66, '0.8300', '43.7000', 1),
(47, 1044, 'JKZ-6921', '2002-01-04 00:00:00', 'universal', 141466, 141965, 10, '1.6400', '16.4000', 2),
(48, 1081, 'JKZ-9738', '2002-01-04 00:00:00', 'universal', 21867, 21998, 50.5, '0.8300', '41.9100', 3),
(49, 1142, 'JKZ-7053', '2002-01-04 00:00:00', 'univ', 121257, 121577, 42.29, '0.8300', '35.1000', 4),
(50, 1084, 'JKZ-4291', '2002-01-05 00:00:00', 'univ', 185855, 186101, 45, '1.6400', '73.8000', 5),
(51, 1111, 'JKZ-6200', '2002-01-05 00:00:00', 'posto bavil', 11535, 11964, 52, '1.6400', '85.2800', 6),
(52, 1037, 'JKZ-7053', '2002-01-07 00:00:00', 'universal', 121977, 122129, 41, '0.8300', '34.0300', 7),
(53, 1040, 'JKZ-7052', '2002-01-07 00:00:00', 'universal', 112661, 112700, 68.98, '0.8300', '57.2500', 8),
(54, 1045, 'JKZ-6921', '2002-01-07 00:00:00', 'universal', 141965, 142083, 34, '1.6400', '55.7600', 9),
(55, 1160, 'JKZ-7053', '2002-01-07 00:00:00', 'universal', 121577, 121977, 72, '0.8300', '59.7600', 10),
(56, 1038, 'JLM-9016', '2002-01-08 00:00:00', 'universal', 22403, 22590, 77.96, '0.8300', '64.7000', 11),
(57, 1085, 'JKZ-4291', '2002-01-08 00:00:00', 'univ', 186101, 186550, 51.76, '1.6400', '84.8800', 12),
(58, 1101, 'JKZ-7704', '2002-01-08 00:00:00', 'univ', 84344, 84822, 43, '1.6400', '70.5200', 13),
(59, 1117, 'JKZ-6200', '2002-01-08 00:00:00', 'brasileiro', 11964, 12402, 49, '1.6400', '80.3600', 14),
(60, 1041, 'JLM-9070', '2002-01-09 00:00:00', 'universal', 23932, 24098, 41, '1.6400', '67.2400', 15),
(61, 1043, 'JKZ-7053', '2002-01-10 00:00:00', 'universal', 122129, 122563, 60.05, '0.8300', '56.3900', 16),
(62, 1046, 'JKZ-6921', '2002-01-11 00:00:00', 'universal', 142083, 142752, 41, '1.6400', '67.2400', 1),
(63, 1047, 'JKZ-7901', '2002-01-11 00:00:00', 'universal', 40875, 40971, 121.39, '0.8300', '100.7500', 2),
(64, 1048, 'JLM-9070', '2002-01-11 00:00:00', 'universal', 24098, 24346, 45.37, '1.6400', '74.4000', 3),
(65, 1049, 'JKZ-4948', '2002-01-11 00:00:00', 'universal', 155847, 156946, 60, '0.8300', '49.8000', 4),
(66, 1086, 'JKZ-4291', '2002-01-11 00:00:00', 'posto bavil', 186550, 186968, 54.45, '1.6400', '89.2900', 5),
(67, 1102, 'JKZ-7704', '2002-01-11 00:00:00', 'brasileiro', 84822, 85426, 40.97, '1.6400', '67.1900', 6),
(68, 1112, 'JKZ-6200', '2002-01-11 00:00:00', 'univ', 12402, 12793, 46, '1.6400', '75.4400', 7),
(69, 1120, 'JKZ-7052', '2002-01-11 00:00:00', 'universal', 112700, 113325, 76.74, '0.8300', '63.6900', 8),
(70, 1459, 'JKZ-4947', '2002-01-13 00:00:00', 'universal', 99100, 99138, 273, '0.8300', '226.5900', 9),
(71, 1050, 'JKZ-7053', '2002-01-14 00:00:00', 'universal', 122563, 122769, 50, '0.8300', '41.5000', 10),
(72, 1051, 'JKZ-9738', '2002-01-14 00:00:00', 'universal', 21998, 22687, 70, '0.8300', '58.1000', 11),
(73, 1087, 'JKZ-4291', '2002-01-14 00:00:00', 'univ', 186968, 187360, 56.19, '1.6400', '92.1500', 12),
(74, 1103, 'JKZ-7704', '2002-01-14 00:00:00', 'univ', 85426, 85830, 46.02, '1.6400', '75.4700', 13),
(75, 1039, 'JLM-9016', '2002-01-15 00:00:00', 'universal', 22590, 23896, 72.67, '0.8300', '60.3100', 14),
(76, 1052, 'JKZ-9738', '2002-01-15 00:00:00', 'universal', 22687, 22848, 21, '0.8300', '17.4300', 15),
(77, 1054, 'JKZ-6921', '2002-01-15 00:00:00', 'universal', 142752, 143262, 38, '1.6400', '62.3200', 16),
(78, 1055, 'JKZ-1434', '2002-01-15 00:00:00', 'universal', 51504, 51533, 56.5, '1.6400', '92.6600', 1),
(79, 1079, 'JKZ-7704', '2002-01-15 00:00:00', 'univeersal', 85830, 86400, 20.08, '1.6400', '32.9300', 2),
(80, 1095, 'JMX-1650', '2002-01-15 00:00:00', 'brasileiro', 26766, 27288, 34.5, '1.6400', '56.5800', 3),
(81, 1457, 'JPZ-0176', '2002-01-15 00:00:00', 'universal', 3495, 3583, 300, '0.8300', '249.0000', 4),
(82, 1126, 'JKZ-7052', '2002-01-15 00:00:00', 'universal', 113325, 114058, 79.88, '0.8300', '63.3000', 5),
(83, 1088, 'JKZ-4291', '2002-01-16 00:00:00', 'univ', 187360, 187850, 51.4, '1.6400', '84.2900', 6),
(84, 1096, 'JMX-1650', '2002-01-16 00:00:00', 'univ', 27288, 27393, 38.12, '1.6400', '62.5100', 7),
(85, 1113, 'JKZ-6200', '2002-01-16 00:00:00', 'posto bavil', 12793, 13225, 52, '1.6400', '85.2800', 8),
(86, 1521, 'JKZ-7704', '2002-01-17 00:00:00', 'universal', 86400, 87222, 37.02, '1.6400', '60.7100', 9),
(87, 1053, 'JKZ-9738', '2002-01-17 00:00:00', 'universal', 22848, 23676, 70, '0.8300', '58.1000', 10),
(88, 1056, 'JKZ-8183', '2002-01-17 00:00:00', 'universal', 38177, 39099, 106.51, '0.8300', '88.4000', 11),
(89, 1058, 'JKZ-9738', '2002-01-18 00:00:00', 'universal', 23676, 23872, 39, '0.8300', '33.2000', 12),
(90, 1068, 'JKZ-6921', '2002-01-18 00:00:00', 'universal', 143262, 144046, 40, '1.6400', '65.6000', 13),
(91, 1057, 'JKZ-7704', '2002-01-18 00:00:00', 'universal', 87222, 87423, 45, '1.6400', '73.8000', 14),
(92, 1089, 'JKZ-4291', '2002-01-18 00:00:00', 'univ', 187850, 188100, 60, '1.6400', '98.4000', 15),
(93, 1097, 'JMX-1650', '2002-01-18 00:00:00', 'univ', 27393, 27633, 24.43, '1.6400', '40.0600', 16),
(94, 1114, 'JKZ-6200', '2002-01-18 00:00:00', 'univ', 13225, 13646, 50, '1.6400', '82.0000', 6),
(95, 1060, 'JLM-9070', '2002-01-19 00:00:00', 'universal', 24346, 24648, 42, '1.6400', '71.8200', 7),
(96, 1127, 'JKZ-7052', '2002-01-19 00:00:00', 'universal', 114058, 114824, 136.01, '0.8300', '112.8800', 8),
(98, 1063, 'JKZ-7053', '2002-01-21 00:00:00', 'universal', 122769, 123269, 57.5, '0.8300', '53.9900', 9),
(99, 1064, 'JKZ-7053', '2002-01-21 00:00:00', 'universal', 123269, 123630, 64, '0.8300', '53.1200', 10),
(100, 1072, 'JLM-9070', '2002-01-21 00:00:00', 'universal', 24648, 24954, 43, '1.6400', '76.1100', 11),
(101, 1090, 'JKZ-4291', '2002-01-21 00:00:00', 'univ', 188100, 188657, 52, '1.6400', '85.2800', 12),
(102, 1148, 'JMX-1430', '2002-01-21 00:00:00', 'univ', 77832, 78152, 48, '0.8300', '39.8400', 13),
(103, 1059, 'JKZ-9738', '2002-01-22 00:00:00', 'universal', 23872, 24654, 68, '0.8300', '56.4400', 14),
(104, 1061, 'JKZ-4948', '2002-01-22 00:00:00', 'universal', 156946, 157715, 60, '0.8300', '49.8000', 15),
(105, 1066, 'JKZ-7053', '2002-01-22 00:00:00', 'universal', 123630, 123710, 53.67, '0.8300', '50.3900', 16),
(106, 1067, 'JKZ-7053', '2002-01-22 00:00:00', 'universal', 123710, 123790, 64, '0.8300', '53.1200', 1),
(107, 1069, 'JKZ-6921', '2002-01-22 00:00:00', 'universal', 144046, 144222, 40, '1.6400', '65.6000', 2),
(108, 1380, 'JKZ-8180', '2002-01-22 00:00:00', 'universal', 35665, 35913, 120, '0.8300', '99.6000', 3),
(109, 1104, 'JKZ-7704', '2002-01-22 00:00:00', 'univ', 87423, 87851, 37.97, '1.6400', '62.2700', 4),
(110, 1115, 'JKZ-6200', '2002-01-22 00:00:00', 'brasileiro', 13646, 14130, 54, '1.6400', '88.5600', 5),
(111, 1098, 'JMX-1650', '2002-01-23 00:00:00', 'univ', 27633, 28260, 32.65, '1.6400', '53.5400', 6),
(112, 1122, 'JLM-9016', '2002-01-23 00:00:00', 'universal', 23896, 24156, 52, '0.8300', '43.1600', 7),
(113, 1658, 'JLM-9070', '2002-01-23 00:00:00', 'universal', 24954, 25772, 36.66, '1.6400', '60.1200', 8),
(114, 1133, 'JKZ-7901', '2002-01-23 00:00:00', 'universal', 40971, 41919, 133, '0.8300', '110.3900', 9),
(115, 1071, 'JMX-1650', '2002-01-24 00:00:00', 'universal', 28260, 28327, 36.6, '1.6400', '60.0200', 10),
(116, 1075, 'JLM-9070', '2002-01-24 00:00:00', 'universal', 25772, 25843, 45.26, '1.6400', '78.7500', 11),
(117, 1091, 'JKZ-4291', '2002-01-24 00:00:00', 'univ', 188657, 189090, 56, '1.6400', '91.8400', 12),
(118, 1073, 'JKZ-6921', '2002-01-25 00:00:00', 'universal', 144222, 144652, 30, '1.6400', '49.2000', 13),
(119, 1092, 'JKZ-4291', '2002-01-25 00:00:00', 'univ', 189090, 189490, 52.6, '1.6400', '86.2600', 14),
(120, 1123, 'JMX-1430', '2002-01-25 00:00:00', 'universal', 77905, 78226, 45.85, '0.8300', '38.0500', 15),
(121, 1078, 'JKZ-4948', '2002-01-26 00:00:00', 'universal', 157715, 158200, 47, '0.8300', '39.0100', 16),
(122, 1105, 'JKZ-7704', '2002-01-26 00:00:00', 'univ', 87851, 88799, 38.55, '1.6400', '63.2200', 1),
(123, 1116, 'JKZ-6200', '2002-01-26 00:00:00', 'univ', 14130, 14552, 52, '1.6400', '85.2800', 2),
(124, 1154, 'JKZ-4947', '2002-01-26 00:00:00', 'universal', 99138, 100082, 289.68, '0.8300', '240.4300', 3),
(125, 1135, 'JKZ-1434', '2002-01-26 00:00:00', 'universal', 51533, 52236, 49.37, '1.6400', '80.9600', 4),
(127, 1070, 'JKZ-6921', '2002-01-28 00:00:00', 'universal', 144652, 145355, 11.63, '1.6400', '19.0700', 5),
(128, 1074, 'JLM-9070', '2002-01-28 00:00:00', 'universal', 25843, 26445, 37.61, '1.6400', '63.1800', 6),
(129, 1077, 'JMX-1650', '2002-01-28 00:00:00', 'universal', 28327, 28700, 38.05, '1.6400', '62.4000', 7),
(130, 1080, 'JKZ-9738', '2002-01-28 00:00:00', 'universal', 24654, 25350, 68, '0.8300', '56.4400', 8),
(131, 1093, 'JKZ-4291', '2002-01-28 00:00:00', 'univ', 189490, 189860, 53, '1.6400', '86.9200', 9),
(132, 1109, 'JKZ-7053', '2002-01-28 00:00:00', 'universal', 123790, 124605, 67, '0.8300', '62.9100', 10),
(133, 1152, 'JKZ-8183', '2002-01-28 00:00:00', 'brasileiro', 39099, 39743, 111, '0.8300', '92.1300', 11),
(134, 1136, 'JKZ-1434', '2002-01-28 00:00:00', 'universal', 52236, 52609, 44.59, '1.6400', '73.1200', 12),
(135, 1076, 'JKZ-6921', '2002-01-29 00:00:00', 'universal', 145355, 145433, 37, '1.6400', '60.6800', 13),
(136, 1106, 'JKZ-7704', '2002-01-29 00:00:00', 'univ', 88799, 89114, 39.38, '1.6400', '64.5800', 14),
(137, 1094, 'JKZ-4291', '2002-01-30 00:00:00', 'univ', 189860, 190378, 55.68, '1.6400', '91.3100', 6),
(138, 1107, 'JKZ-7053', '2002-01-30 00:00:00', 'universal', 124605, 124905, 61, '0.8300', '57.2900', 7),
(139, 1108, 'JKZ-7053', '2002-01-30 00:00:00', 'universal', 124905, 125203, 20, '0.8300', '18.7800', 8),
(140, 1118, 'JKZ-6200', '2002-01-30 00:00:00', 'univ', 14552, 15015, 51.73, '1.6400', '84.8300', 9),
(141, 1129, 'JKZ-7052', '2002-01-30 00:00:00', 'universal', 114824, 117934, 100, '0.8300', '83.0000', 10),
(142, 1131, 'JLM-9070', '2002-01-30 00:00:00', 'universal', 26445, 27022, 39, '1.6400', '63.9600', 11),
(143, 1132, 'JKZ-4947', '2002-01-30 00:00:00', 'universal', 100082, 101310, 176.78, '0.8300', '146.7200', 12),
(144, 1137, 'JKZ-1434', '2002-01-30 00:00:00', 'universal', 52609, 53150, 44, '1.6400', '72.1600', 13),
(145, 1062, 'JKZ-4948', '2002-01-31 00:00:00', 'universal', 158200, 158935, 60, '0.8300', '49.8000', 14),
(146, 1099, 'JMX-1650', '2002-01-31 00:00:00', 'univ', 28700, 28970, 40.95, '1.6400', '66.8900', 15),
(147, 1119, 'JKZ-9738', '2002-01-31 00:00:00', 'universal', 25350, 26133, 62.57, '0.8300', '51.9300', 16),
(148, 1124, 'JMX-1430', '2002-01-31 00:00:00', 'universal', 78226, 78466, 36.22, '0.8300', '30.0600', 1),
(149, 1390, 'JKZ-7052', '2002-02-01 00:00:00', 'universal', 117073, 118040, 48.66, '0.8300', '40.3800', 2),
(150, 1444, 'JKZ-7053', '2002-02-01 00:00:00', 'universal', 125203, 125547, 35.48, '0.8300', '29.4500', 3),
(151, 1391, 'JKZ-7052', '2002-02-02 00:00:00', 'universal', 118040, 118326, 83, '0.8300', '66.8900', 4),
(152, 1192, 'JLM-9070', '2002-02-02 00:00:00', 'universal', 27386, 27473, 45.01, '1.6400', '73.8100', 5),
(153, 1177, 'JKZ-8183', '2002-02-03 00:00:00', 'universal', 39743, 39929, 54.62, '0.8300', '45.3300', 6),
(154, 1121, 'JKZ-7704', '2002-02-04 00:00:00', 'universal', 89114, 89369, 40, '1.6400', '69.5800', 7),
(155, 1163, 'JKZ-7053', '2002-02-04 00:00:00', 'universal', 125547, 125606, 19.38, '0.8300', '16.0800', 8),
(156, 1176, 'JKZ-8183', '2002-02-04 00:00:00', 'flecha', 39929, 40800, 51.54, '0.9700', '50.0000', 9),
(157, 1180, 'JKZ-4291', '2002-02-04 00:00:00', 'univ', 190378, 190850, 58.08, '1.6400', '95.2500', 10),
(158, 1186, 'JKZ-6921', '2002-02-04 00:00:00', 'univ', 145433, 145570, 18.79, '1.6400', '30.8100', 11),
(159, 1195, 'JMX-1650', '2002-02-04 00:00:00', 'univ', 28970, 29753, 43.79, '1.6400', '71.8100', 12),
(160, 1454, 'JMX-1430', '2002-02-04 00:00:00', 'universal', 78152, 78466, 55, '0.8300', '45.6500', 13),
(161, 1280, 'JKZ-1434', '2002-02-05 00:00:00', 'universal', 53160, 53486, 50, '1.6400', '82.0000', 14),
(162, 1158, 'JKZ-7053', '2002-02-05 00:00:00', 'universal', 125606, 125733, 45, '0.8300', '37.3500', 15),
(163, 1182, 'JKZ-6200', '2002-02-05 00:00:00', 'univ', 15015, 15446, 50, '1.6400', '82.0000', 16),
(164, 1185, 'JKZ-6921', '2002-02-05 00:00:00', 'univ', 145570, 146084, 35.77, '1.6400', '58.6600', 6),
(165, 1189, 'JKZ-7704', '2002-02-05 00:00:00', 'univ', 89369, 89460, 18.14, '1.6400', '29.7400', 7),
(166, 1134, 'JKZ-8183', '2002-02-05 00:00:00', 'universal', 40800, 40828, 77.86, '0.8300', '64.6200', 8),
(167, 1150, 'JKZ-9738', '2002-02-06 00:00:00', 'universal', 26133, 26811, 59.81, '0.8300', '49.6400', 9),
(168, 1179, 'JKZ-4291', '2002-02-07 00:00:00', 'univ', 190850, 191361, 55.77, '1.6400', '91.4600', 10),
(169, 1194, 'JMX-1650', '2002-02-07 00:00:00', 'univ', 29753, 29897, 40, '1.6400', '65.6000', 11),
(170, 1440, 'JKZ-7053', '2002-02-08 00:00:00', 'universal', 125733, 126283, 68.9, '0.8300', '57.1800', 12),
(171, 1151, 'JLM-9016', '2002-02-08 00:00:00', 'universal', 24156, 24234, 56, '0.8300', '46.4800', 13),
(172, 1164, 'JKZ-9738', '2002-02-08 00:00:00', 'universal', 26811, 27190, 62, '0.8300', '51.4600', 14),
(173, 1178, 'JKZ-4291', '2002-02-08 00:00:00', 'univ', 191361, 191580, 47.68, '1.6400', '78.1900', 15),
(174, 1188, 'JKZ-7704', '2002-02-08 00:00:00', 'univ', 89460, 90183, 31, '1.6400', '50.8400', 16),
(175, 1204, 'JKZ-8183', '2002-02-08 00:00:00', 'universal', 40828, 41908, 58.1, '0.8300', '48.2200', 1),
(176, 1181, 'JKZ-6200', '2002-02-09 00:00:00', 'brasileiro', 15446, 15898, 53, '1.6400', '86.9200', 2),
(177, 1167, 'JKZ-9738', '2002-02-12 00:00:00', 'universal', 27190, 27746, 56.38, '0.8300', '46.1400', 3),
(178, 1396, 'JKZ-9738', '2002-02-14 00:00:00', 'universal', 27746, 28354, 60, '0.8300', '49.8000', 4),
(179, 1436, 'JKZ-7053', '2002-02-14 00:00:00', 'universal', 126283, 126324, 61, '0.8300', '50.6300', 5),
(180, 1184, 'JKZ-6921', '2002-02-14 00:00:00', 'univ', 146084, 146726, 44.64, '1.6400', '73.2000', 6),
(181, 1187, 'JKZ-7704', '2002-02-14 00:00:00', 'univ', 90183, 90374, 33.01, '1.6400', '54.1300', 7),
(182, 1191, 'JLM-9070', '2002-02-14 00:00:00', 'universal', 27473, 27982, 35.58, '1.6400', '58.3500', 8),
(183, 1193, 'JMX-1650', '2002-02-14 00:00:00', 'univ', 29897, 30193, 33.34, '1.6400', '55.0000', 9),
(184, 1374, 'JKZ-4948', '2002-02-14 00:00:00', 'universal', 158935, 159714, 60, '0.8300', '49.8000', 10),
(185, 1139, 'JMX-1430', '2002-02-14 00:00:00', 'universal', 78466, 78706, 41.89, '0.8300', '34.7700', 11),
(186, 1221, 'JKZ-4291', '2002-02-15 00:00:00', 'universal', 191580, 192021, 55.61, '1.6400', '91.2000', 12),
(187, 1315, 'JKZ-1434', '2002-02-15 00:00:00', 'universal', 53486, 53803, 50.23, '1.6400', '82.3700', 13),
(189, 1190, 'JKZ-7704', '2002-02-15 00:00:00', 'universal', 90374, 90743, 23, '1.6400', '37.7200', 14),
(190, 1205, 'JKZ-8183', '2002-02-15 00:00:00', 'universal', 41908, 41922, 145, '0.8300', '120.3500', 15),
(191, 1210, 'JKZ-6200', '2002-02-15 00:00:00', 'universal', 15898, 16327, 50, '1.6400', '82.0000', 16),
(192, 1238, 'JLM-9016', '2002-02-16 00:00:00', 'universal', 24234, 24509, 35.87, '0.8300', '29.7700', 1),
(193, 1435, 'JKZ-7053', '2002-02-17 00:00:00', 'universal', 126324, 126521, 71.84, '0.8300', '59.6200', 2),
(194, 1215, 'JKZ-6746', '2002-02-18 00:00:00', 'universal', 54700, 54733, 34.6, '0.8300', '28.7100', 3),
(195, 1225, 'JKZ-6921', '2002-02-18 00:00:00', 'universal', 146726, 147116, 38.22, '1.6400', '62.6800', 4),
(196, 1197, 'JLM-9070', '2002-02-18 00:00:00', 'universal', 27982, 28012, 38, '1.6400', '62.3200', 5),
(197, 1206, 'JKZ-8183', '2002-02-18 00:00:00', 'universal', 41922, 43566, 127.32, '0.8300', '105.6700', 6),
(198, 1453, 'JMX-1430', '2002-02-18 00:00:00', 'universal', 77546, 77832, 42, '0.8300', '34.8600', 7),
(199, 1157, 'JKZ-7053', '2002-02-19 00:00:00', 'universal', 126521, 126952, 70, '0.8300', '58.1000', 8),
(200, 1165, 'JKZ-9738', '2002-02-19 00:00:00', 'universal', 28354, 28953, 73.6, '0.8300', '61.0800', 9),
(201, 1202, 'JMX-1650', '2002-02-19 00:00:00', 'universal', 30193, 30354, 30.84, '1.6400', '50.5700', 10),
(202, 1211, 'JKZ-6200', '2002-02-19 00:00:00', 'universal', 16327, 16752, 48, '1.6400', '78.7200', 11),
(203, 1235, 'JKZ-7901', '2002-02-19 00:00:00', 'universal', 41919, 42073, 84.84, '0.8300', '70.4100', 12),
(204, 1236, 'JKZ-7901', '2002-02-20 00:00:00', 'universal', 42073, 42362, 64.24, '0.8300', '53.3100', 13),
(205, 1239, 'JLM-9016', '2002-02-20 00:00:00', 'universal', 24509, 24535, 18.01, '0.8300', '14.9400', 14),
(206, 1216, 'JKZ-6746', '2002-02-21 00:00:00', 'universal', 54733, 54983, 31, '0.8300', '25.7300', 1),
(207, 1222, 'JKZ-4291', '2002-02-21 00:00:00', 'brasileiro', 192021, 192230, 38.29, '1.6400', '62.7900', 2),
(208, 1392, 'JKZ-7052', '2002-02-21 00:00:00', 'universal', 118326, 118476, 56.3, '0.8300', '46.7300', 3),
(209, 1196, 'JKZ-4948', '2002-02-21 00:00:00', 'universal', 159714, 160515, 60, '0.8300', '49.8000', 4),
(210, 1198, 'JLM-9070', '2002-02-21 00:00:00', 'universal', 28012, 28505, 38.29, '1.6400', '62.7900', 5),
(211, 1227, 'JLM-9070', '2002-02-22 00:00:00', 'brasileiro', 28505, 28931, 19, '1.6400', '31.1600', 6),
(212, 1393, 'JKZ-7052', '2002-02-22 00:00:00', 'universal', 118476, 118626, 20.5, '0.8300', '17.0100', 7),
(213, 1166, 'JKZ-9738', '2002-02-22 00:00:00', 'universal', 28953, 29401, 60, '0.8300', '49.8000', 8),
(214, 1199, 'JKZ-7704', '2002-02-22 00:00:00', 'universal', 90743, 91780, 54, '1.6400', '88.5600', 9),
(215, 1203, 'JMX-1650', '2002-02-22 00:00:00', 'universal', 30354, 30873, 30.3, '1.6400', '49.6900', 10),
(216, 1212, 'JKZ-6200', '2002-02-22 00:00:00', 'universal', 16752, 17250, 50, '1.6400', '82.0000', 11),
(218, 1240, 'JLM-9016', '2002-02-22 00:00:00', 'universal', 24535, 24806, 55.4, '0.8300', '45.9800', 13),
(219, 1242, 'JMX-1430', '2002-02-22 00:00:00', 'universal', 78706, 78946, 43.32, '0.8300', '35.9500', 14),
(220, 1248, 'JKZ-1434', '2002-02-22 00:00:00', 'universal', 53803, 54401, 40, '1.6400', '65.6000', 15),
(221, 1217, 'JKZ-6746', '2002-02-23 00:00:00', 'universal', 54983, 55280, 29, '0.8300', '24.0700', 16),
(222, 1155, 'JKZ-7053', '2002-02-23 00:00:00', 'universal', 126952, 127613, 80.31, '0.8300', '66.6500', 1),
(223, 1200, 'JKZ-7704', '2002-02-23 00:00:00', 'universal', 91780, 92387, 11, '1.6400', '18.0400', 2),
(224, 1213, 'JKZ-6200', '2002-02-25 00:00:00', 'universal', 17250, 17645, 50, '1.6400', '82.0000', 3),
(225, 1218, 'JKZ-6746', '2002-02-25 00:00:00', 'universal', 55280, 55560, 36.5, '0.8300', '30.2900', 4),
(226, 1223, 'JKZ-4291', '2002-02-25 00:00:00', 'universal', 192230, 192672, 49.6, '1.6400', '81.3400', 5),
(227, 1241, 'JLM-9016', '2002-02-25 00:00:00', 'universal', 24806, 25298, 50.65, '0.8300', '42.0300', 6),
(228, 1219, 'JKZ-6746', '2002-02-26 00:00:00', 'universal', 55560, 56000, 51.3, '0.8300', '42.5700', 7),
(229, 1228, 'JLM-9070', '2002-02-26 00:00:00', 'universal', 28931, 29169, 43.49, '1.6400', '71.3200', 8),
(230, 1442, 'JKZ-7053', '2002-02-26 00:00:00', 'universal', 127613, 127986, 40, '0.8300', '33.2000', 9),
(231, 1168, 'JKZ-9738', '2002-02-26 00:00:00', 'universal', 29401, 30345, 66, '0.8300', '54.7800', 10),
(232, 1237, 'JKZ-7901', '2002-02-26 00:00:00', 'universal', 42362, 43091, 50, '0.8300', '41.5000', 11),
(233, 1249, 'JKZ-1434', '2002-02-26 00:00:00', 'universal', 54401, 55072, 40, '1.6400', '65.6000', 12),
(234, 1226, 'JKZ-6921', '2002-02-27 00:00:00', 'universal', 147116, 147516, 39, '1.6400', '63.9600', 13),
(235, 1229, 'JLM-9070', '2002-02-27 00:00:00', 'universal', 29169, 29588, 20.95, '1.6400', '34.3500', 14),
(236, 1214, 'JKZ-6200', '2002-02-28 00:00:00', 'universal', 17645, 18178, 50, '1.6400', '82.0000', 15),
(237, 1220, 'JKZ-6746', '2002-02-28 00:00:00', 'universal', 56000, 56550, 34, '0.8300', '28.2200', 16),
(238, 1224, 'JKZ-4291', '2002-02-28 00:00:00', 'universal', 192672, 193030, 49.56, '1.6400', '81.2700', 1),
(239, 1230, 'JLM-9070', '2002-02-28 00:00:00', 'universal', 29588, 29872, 50.93, '1.6400', '83.5200', 2),
(240, 1443, 'JKZ-7053', '2002-02-28 00:00:00', 'universal', 127986, 128031, 55.31, '0.8300', '45.9000', 3),
(241, 1145, 'JKZ-7052', '2002-02-28 00:00:00', 'univ', 118626, 118950, 80.22, '0.8300', '66.5800', 4),
(242, 1201, 'JKZ-4948', '2002-02-28 00:00:00', 'universal', 160515, 161194, 60, '0.8300', '49.8000', 5),
(243, 1243, 'JMX-1430', '2002-02-28 00:00:00', 'universal', 78946, 79186, 18.2, '0.8300', '15.1000', 6),
(244, 1257, 'JKZ-7704', '2002-03-01 00:00:00', 'univ', 92387, 92413, 45, '1.6400', '72.0000', 7),
(245, 1268, 'JKZ-6746', '2002-03-01 00:00:00', 'brasileiro', 55929, 55995, 30, '0.8300', '24.9000', 8),
(246, 1328, 'JKZ-4291', '2002-03-01 00:00:00', 'universal', 193030, 193230, 48.6, '1.6400', '79.7000', 9),
(247, 1425, 'JKZ-7053', '2002-03-01 00:00:00', 'universal', 128031, 129303, 90, '0.8300', '74.7000', 10),
(249, 1231, 'JLM-9070', '2002-03-04 00:00:00', 'universal', 29872, 29965, 40.2, '1.6400', '65.9200', 11),
(250, 1266, 'JKZ-9738', '2002-03-04 00:00:00', 'univ', 30345, 30568, 61, '0.7800', '56.5500', 12),
(251, 1303, 'JMX-1650', '2002-03-04 00:00:00', 'universal', 30898, 31298, 37.04, '1.6400', '60.7400', 13),
(252, 1329, 'JKZ-4291', '2002-03-04 00:00:00', 'universal', 193230, 193560, 49.3, '1.6400', '80.8500', 14),
(253, 1421, 'JLM-9016', '2002-03-04 00:00:00', 'universal', 25298, 25412, 48, '0.8300', '39.8400', 15);



INSERT INTO `veiculo` (`IdVeiculo`, `Placa`, `Modelo`, `Marca`, `Ano`, `Posto`) VALUES
(1, 'AAA-9999', 'caminhão baú fiat', NULL, '2001', 'Sinal mais'),
(2, 'JKZ-1434', 'gol -cli -1.8', 'volkswagen', '2001', 'Sinal mais'),
(3, 'JKZ-4291', 'tempra', 'fiat', '2004', 'Sinal mais'),
(4, 'JKZ-4947', 'ônibus', 'mercedes', '2001', 'Sinal mais'),
(5, 'JKZ-4948', 'pick-up s-10', 'general motores', '2001', 'Sinal mais'),
(6, 'JKZ-5202', 'traffic c/ar', 'chevrolet', '2005', 'Sinal mais'),
(7, 'JKZ-6200', 'ipanema', 'chevrolet', '2001', 'Sinal mais'),
(8, 'JKZ-6746', 'pick-up toyota', 'bandeirante', '2001', 'Sinal mais'),
(9, 'JKZ-6921', 'fiat uno', 'fiat', '2001', 'Sinal mais'),
(10, 'JKZ-7052', 'pick-up ranger', 'ford', '2001', 'Sinal mais'),
(11, 'JKZ-7053', 'pick-up ranger', 'ford', '2003', 'Sinal mais'),
(12, 'JKZ-7704', 'fiat uno', 'fiat', '2001', 'Sinal mais'),
(13, 'JKZ-7901', 'utilitário f 4000', 'ford', '2003', 'Sinal mais'),
(14, 'JKZ-8180', 'micro onibus', 'mercedes benz', '2001', 'Sinal mais'),
(15, 'JKZ-8183', 'micro onibus', 'mercedes benz', '2006', 'Sinal mais'),
(16, 'JKZ-9738', 'ranger', 'ford', '2001', 'Sinal mais'),
(17, 'JLE-0128', 'pick-up  ford ranger', 'mercury - 15 mp', '2002', 'Sinal mais'),
(18, 'JLM-2537', 'moto/cg 125', 'honda', '2001', 'Sinal mais'),
(19, 'JLM-9016', 'micro onibus', 'dodge', '2005', 'Sinal mais'),
(20, 'JLM-9070', 'voyage cl -1.6', 'volkswagen', '2001', 'Sinal mais'),
(21, 'JMX-1430', 'pick-up d - 20', 'chevrolet', '2001', 'Sinal mais'),
(22, 'JMX-1650', 'parati cl 1.6', 'volkswagen', '2007', 'Sinal mais'),
(23, 'JOE-0221', 'toyota', 'toyota', '2001', 'Sinal mais'),
(24, 'JOE-0301', 'jeep toyota', 'jeep toyota', '2001', 'Sinal mais'),
(25, 'JPZ-0176', 'ônibus', 'mercedes', '2001', 'Sinal mais'),
(26, 'JPZ-0945', 'ranger', 'ford', '2001', 'Sinal mais'),
(27, 'JPZ-2661', 'fiesta', 'ford', '2001', 'Sinal mais'),
(28, 'JPZ-2662', 'fiesta', 'ford', '2001', 'Sinal mais'),
(29, 'JPZ-2663', 'escort', 'ford', '2001', 'Sinal mais'),
(30, 'JPZ-2774', 'focus', 'ford', '2001', 'Sinal mais'),
(31, 'JPZ-5565', 'van', 'kia', '2001', 'p. grapiúna'),
(32, 'JQC-0221', 'toyota', 'toyota', '2001', 'Sinal mais');


INSERT INTO `movimentacao` (`Id_Moviment`, `CuponFiscal`, `Carga`, `OrigemCarga`, `DestinoCarga`, `ValorDecla`, `Frete`, `Unidade`, `DataMovimen`, `GrupoMovim`, `Transportador`, `DataTransp`, `DataPedido`, `Devolucao`, `Num_Saida`, `IdPlaca`) VALUES
(1, '7879', 'JOELHO LR 20 x 1/2 mm.', 'São Paulo', 'recife', '10.0000', '0.0000', '0780', '2004-05-13 00:00:00', '1', 'rapido cometa', '2004-05-13 00:00:00', '1899-12-30 00:00:00', 'sim', 17512, 'AAA-9999'),
(2, '7879', 'TORNEIRA para lavatorio, em metal cromado, 3/4\"', 'São Paulo', 'recife', '10.0000', '0.0000', '0780', '2004-05-07 00:00:00', '1', 'baixa bens portaria n. 443/04, proc. n. ', '2004-05-11 00:00:00', '2004-04-27 00:00:00', 'sim', 17807, 'JKZ-1434'),
(3, '6230', 'LUVA USO REDE HIDRAULICA em PVC, soldavel, 32 mm.', 'São Paulo', 'recife', '10.0000', '0.0000', '0780', '2004-05-13 00:00:00', '1', 'rapido cometa', '2004-05-13 00:00:00', '1899-12-30 00:00:00', 'sim', 17659, 'JKZ-4291'),
(4, '8185', 'JOELHO, 90 graus, LR 25mm x 1/2\", em PVC, soldavel, para agua', 'São Paulo', 'belem', '10.0000', '0.0000', '0810', '2004-05-13 00:00:00', '1', 'rapido cometa', '2004-05-11 00:00:00', '1899-12-30 00:00:00', 'sim', 16476, 'JKZ-4947'),
(5, '7699', 'JOELHO 90 graus, em PVC, diametro 32 mm, LL, para agua.', 'São Paulo', 'belem', '100.0000', '100.0000', '5110', '2004-09-15 00:00:00', '1', 'nagem informática - cil comercio de info', '1999-12-30 00:00:00', '2003-01-31 00:00:00', 'nao', 16396, 'JKZ-4948'),
(6, '7837', 'LUVA em aco galvanizado, de 1 1/4 polegadas, para agua, extremidade rosqueavel', 'São Paulo', 'belem', '12.0000', '0.0000', '6412', '2004-05-04 00:00:00', '4', 'nagem informática - cil comercio de info', '2004-05-05 00:00:00', '2003-01-31 00:00:00', 'sim', 17929, 'JKZ-5202'),
(7, '8380', 'REGISTRO de gaveta, em bronze, de 1 polegada, para agua.', 'São Paulo', 'belem', '10.0000', '10.0000', '6410', '2004-08-20 00:00:00', '3', 'nagem informática - cil comercio de info', '1999-12-30 00:00:00', '2003-01-31 00:00:00', 'nao', 17929, 'JKZ-6921'),
(8, '8380', 'TESOURA DE PICOTAR fabricada em aco, 10 polegadas, com cabo.', 'São Paulo', 'sao paulo', '450.0000', '0.0000', '0725', '2004-06-15 00:00:00', '1', 'rapido cometa', '2004-03-29 00:00:00', '1899-12-30 00:00:00', 'sim', 16543, 'JKZ-7052'),
(9, '8380', 'REGISTRO de pressao, em metal, 1/2 polegada', 'São Paulo', 'vitoria da conquista', '12.0000', '0.0000', '0780', '2004-05-13 00:00:00', '4', 'rapido cometa', '2004-05-12 00:00:00', '1899-12-30 00:00:00', 'sim', 16548, 'JKZ-7053'),
(10, '5739', 'LAVADORA DE ALTA PRESSAO, compacta, para uso em veiculos, com as seguintes caracteristicas:\n- chave liga-desliga;\n- chassis monoblco em material plastico de alta resistencia;\n- entrada de agua;\n- sistema total stop;\n- regulador de pressao (by-pass);', 'LAURO DE FREITAS', 'vitoria da conquista', '13429.6900', '13429.6900', '0334', '2004-04-20 00:00:00', '5', 'autolatina brasil s/a', '1994-11-21 00:00:00', '1899-12-30 00:00:00', 'nao', 16548, 'JKZ-7704'),
(11, '8114', 'TESOURA MODELO DOMESTICA, fabricada em aco polido, proprio para cutelaria, 7 polegadas, cabo em plastico de alta resistencia, na cor preta.', 'São Paulo', 'vitoria da conquista', '59.0000', '59.0000', '0781', '2004-05-25 00:00:00', '4', 'bit shop informatica ltda', '1899-12-30 00:00:00', '1899-12-30 00:00:00', 'nao', 16543, 'JKZ-7901'),
(12, '7023', 'LAMINA DE SERRA circular, em aco carbono, para maquina rocadeira, dente tipo 3 H, dimensoes : 255 mm de diametro, 1,4 mm de espessura, furo de 26 mm.', 'São Paulo', 'vitoria da conquista', '140.0000', '0.0000', '6422', '2004-08-19 00:00:00', '3', 'nagem informática - cil comercio de info', '2004-08-23 00:00:00', '2003-01-31 00:00:00', 'sim', 16052, 'JKZ-8180'),
(13, '7023', 'MARRETA em aco carbono forjado de 2kg, com cabo', 'São Paulo', 'vitoria da conquista', '140.0000', '0.0000', '6422', '2004-08-19 00:00:00', '3', 'nagem informática - cil comercio de info', '2004-08-23 00:00:00', '2003-01-31 00:00:00', 'sim', 16052, 'JKZ-8183'),
(14, '7023', 'PICARETA de pa larga, com cabo.', 'São Paulo', 'vitoria da conquista', '140.0000', '0.0000', '6422', '2004-08-19 00:00:00', '3', 'nagem informática - cil comercio de info', '2004-08-23 00:00:00', '2003-01-31 00:00:00', 'sim', 16052, 'JKZ-9738'),
(15, '4572', 'CARRO TRANSPORTE DE ROUPA, limpa, em fibra, cacamba com tampa, 2 rodizios fixos, 2 rodizios de giro livre, dimensoes 1000 x 600 x 800 mm.', 'São Paulo', 'vitoria da conquista', '140.0000', '0.0000', '6422', '2004-08-19 00:00:00', '3', 'nagem informática - cil comercio de info', '2004-08-23 00:00:00', '2003-01-31 00:00:00', 'sim', 16052, 'JLE-0128'),
(16, '9048', 'CARRO PLATAFORMA, lastro em chapa de aco, capacidade 300 Kg, dimensoes 1,00 x 0,60 m., com suporte para locomocao, 02 rodizios giratorios e 02 rodizios fixos.', 'São Paulo', 'vitoria da conquista', '59.0000', '0.0000', '0780', '2004-05-11 00:00:00', '4', 'bit shop informatica ltda', '2004-05-12 00:00:00', '1899-12-30 00:00:00', 'sim', 16052, 'JLM-2537'),
(17, '6969', 'CARRO TRANSPORTE DE ALIMENTOS, termico, tampo superior, mesa auxiliar basculante em aco inoxidavel corpo em aluminio polido com painel de comando prateleira interdimensional e gavetas para talheres em aco inox, aquecido a seco atraves de resistencia em ac', 'São Paulo', 'vitoria da conquista', '49.3800', '0.0000', '0780', '2004-05-13 00:00:00', '4', 'd.l.com. representacao e servicos ltda', '2004-05-12 00:00:00', '1899-12-30 00:00:00', 'sim', 16052, 'JLM-9016'),
(18, '6969', 'CARRO TRANSPORTE DE ROUPA, umida, em plastico rigido, com registro na parte inferior para escoamento da agua, nas dimensoes de 1,00 x 0,60 x 0,80 m.', 'São Paulo', 'vitoria da conquista', '16300.0000', '16300.0000', '0706', '2004-02-20 00:00:00', '1', 'schott zeiss do brasil ltda.', '1996-05-03 00:00:00', '1899-12-30 00:00:00', 'nao', 16544, 'JLM-9070'),
(19, '6969', 'CARRO TIPO GAIOLA, capacidade para 600 litros, para transporte de material em almoxarifado, em aco inox ou liga de aco, dispositivos de destrava lateral, destrava para arrumacao, rodas em polipropileno.', 'São Paulo', 'vitoria da conquista', '6300.0000', '6300.0000', '0659', '2004-02-20 00:00:00', '2', 'schott-zeiss do brasil ltda', '1996-05-07 00:00:00', '1899-12-30 00:00:00', 'nao', 16543, 'JMX-1430'),
(20, '6903', 'CARRO TIPO GAIOLA, capacidade para 250 litros para transporte de material em almoxarifado, em aco inox ou liga de aco, dimensoes 54 x 90 x 88 cm, dispositivos de destrava lateral, destrava para arrumacao, rodas em polipropileno.', 'São Paulo', 'vitoria da conquista', '4300.0000', '4300.0000', '0706', '2004-02-20 00:00:00', '1', 'schott zeiss do brasil ltda.', '1996-05-03 00:00:00', '1899-12-30 00:00:00', 'nao', 16543, 'JMX-1650'),
(21, '6903', 'CARRO TRANSPORTE DE LABORATORIO, aco inox, 03 bandejas em plastico resistente, lisas e faceis de lavar (sendo 02 bandejas superiores com 60 cm de comprimento), rodas multidirecionais, dimensoes aproximadas de 120 x 50 x 100 cm.', 'São Paulo', 'vitoria da conquista', '4300.0000', '4300.0000', '0706', '2004-02-20 00:00:00', '1', 'schott zeiss do brasil ltda.', '1996-05-03 00:00:00', '1899-12-30 00:00:00', 'nao', 16543, 'JOE-0221'),
(22, '8425', 'CARRO DE MAO, capacidade 70 litros, para varricao, estrutura tubular, com 2 rodas, pneu borracha macica, conjugado com caixa de lixo.', 'São Paulo', 'vitoria da conquista', '4300.0000', '4300.0000', '0706', '2004-02-20 00:00:00', '1', 'schott zeiss do', '1996-03-03 00:00:00', '1899-12-30 00:00:00', 'nao', 17013, 'JOE-0301'),
(23, '8710', 'CARRINHO TIPO SUPERMERCADO, capacidade minima 60 litros, estrutura tubular em aco galvanizado, 02 bandejas teladas, estrado, rodas com rolamentos, 02 rodas traseiras fixas, 02 rodizios dianteiros livres e giratorios.', 'São Paulo', 'belem', '12.0000', '12.0000', '0781', '2004-05-25 00:00:00', '1', 'a. lino filhos e cia. ltda.', '1899-12-30 00:00:00', '1899-12-30 00:00:00', 'nao', 16827, 'JPZ-0176'),
(24, '8410', 'CARRO, esteira, em chapa de aco, com rodizios, medindo 44 x 86 cm, com 6 cm de altura.', 'São Paulo', 'belem', '50.0000', '50.0000', '0781', '2004-05-25 00:00:00', '1', 'universidade estadual de santa cruz', '1899-12-30 00:00:00', '1899-12-30 00:00:00', 'nao', 16827, 'JPZ-0945'),
(25, '8410', 'CORREDICA para elevador modelo MM da marca Otis, dimensoes de 10 x 10 x 1,5 cm, para porta de pavimento X em baquelite.', 'São Paulo', 'belem', '12.0000', '12.0000', '0781', '2004-05-25 00:00:00', '1', 'a. lino, filhos & cia. ltda.', '1899-12-30 00:00:00', '1899-12-30 00:00:00', 'nao', 16827, 'JPZ-2661'),
(26, '8410', 'ALAVANCA PARA ELEVADOR, modelo MM, marca Otis, em amianto, tipo cachorrinho, para trinco eletromecanico central da porta de pavimento com 20 cm.', 'São Paulo', 'belem', '0.0100', '8.5000', '6505', '1999-11-19 00:00:00', '3', 'rapido cometa', NULL, NULL, 'nao', 17608, 'JPZ-2662'),
(27, '1832', 'KIT DE REPARO PARA ELEVADOR modelo MM, marca Otis, para fecho eletromecanico central composto de contatos primario, contatos secundarios, molas, eixos, borracha de amortecedor e rodana.', 'São Paulo', 'belem', '0.0100', '8.5000', '6505', '2000-01-06 00:00:00', '3', 'rapido cometa', NULL, NULL, 'nao', 17608, 'JPZ-2663'),
(28, '6662', 'RODIZIO giratorio, referencia GLR 614TP, para carro plataforma.', 'São Paulo', 'belem', '53.6000', '0.0000', '0780', '2004-05-13 00:00:00', '4', 'rapido cometa', '2004-05-12 00:00:00', '1899-12-30 00:00:00', 'sim', 17608, 'JPZ-2774'),
(29, '6662', 'BARBANTE, em fibra de algodao torcido, com 06 fios. \nEmbalagem: rolo com 250 gramas.', 'São Paulo', 'belem', '92.7999', '92.7999', '0790', '2004-08-04 00:00:00', '3', 'wm - maq. e equipamentos ltda', '1997-02-13 00:00:00', '1999-12-30 00:00:00', 'nao', 17608, 'JPZ-5565'),
(30, '6662', 'BARBANTE fibra de sisal torcido, com 125 fios.\nEmbalagem: rolo com 500 gramas.', 'São Paulo', 'belem', '92.7999', '92.7999', '6240', '2004-06-29 00:00:00', '3', 'wm - maq. e equipamentos ltda', '1997-02-13 00:00:00', '1899-12-30 00:00:00', 'nao', 17609, 'JQC-0221'),
(31, '6662', 'CORDA DE SEDA para amarrar animais, 0,5 polegada\nEmbalagem: rolo com 50 metros', 'São Paulo', 'belem', '49.5000', '0.0000', '0780', '2004-05-13 00:00:00', '4', 'teles informatica', '2004-05-12 00:00:00', '1899-12-30 00:00:00', 'sim', 17609, 'AAA-9999'),
(32, '6662', 'REFRIGERADOR hospitalar, horizontal para conservacao de vacinas, gabinete externo em chapa de aco esmaltada c/tampa externa provida de gaveta e 4 tampas internas em fibra especial, sobre 4 recipientes em aco inox c/controle de temperatura automatico siste', 'São Paulo', 'belem', '835.0000', '835.0000', '0303', '2003-09-03 00:00:00', '1', 'casa do laboratorio ltda.', '1997-11-14 00:00:00', NULL, 'nao', 17609, 'JKZ-1434'),
(33, '6662', 'FRIGOBAR, capacidade minima 80 litros, tensao 110/220 volts, congelador, prateleiras deslizantes e removiveis com total aproveitamento, gaveta para legumes, porta reversivel.', 'São Paulo', 'belem', '25092.0000', '25092.0000', '0334', '2004-04-20 00:00:00', '5', 'fundo rotativo de material', '1997-12-01 00:00:00', '1899-12-30 00:00:00', 'nao', 17609, 'JKZ-4291'),
(34, '6662', 'FREEZER, capacidade minima 310 litros, vertical, tensao 127 volts, contendo cestos deslizantes e removiveis, com frontais transparentes, porta reversivel, na cor branca.', 'São Paulo', 'belem', '36228.0000', '36228.0000', '0334', '2004-04-20 00:00:00', '5', 'fundo rotativo de material', '1997-12-01 00:00:00', '1899-12-30 00:00:00', 'nao', 17609, 'JKZ-4947'),
(35, '8508', 'FREEZER, capacidade minima de 410 litros, horizontal, tensao 127 volts com 02 tampas, puxadores anatomicos com fechaduras, termostato dupla funcao (congelador ou conservador), rodizios de nylon, na cor branca.', 'São Paulo', 'belem', '170.0000', '170.0000', '4000', '2004-02-04 00:00:00', '3', 'staff comercio e representacoes ltda', '1998-01-05 00:00:00', '1997-12-19 00:00:00', 'nao', 17609, 'JKZ-4948'),
(36, '8269', 'REFRIGERADOR, capacidade minima de 280 litros, tensao 220 volts, porta com prateleiras, na cor branca, porta ovos, prateleiras internas, gavetas para vegetais, carnes e frios, congelador, lampada interna, nao usar no sistema de refrigeracao o gas CFC, com', 'São Paulo', 'belem', '15.0000', '15.0000', '0720', '2004-02-13 00:00:00', '3', 'erimaq maq.moveis e equipamentos ltda', '1997-12-31 00:00:00', '1999-12-30 00:00:00', 'nao', 17609, 'JKZ-5202'),
(37, '22', 'REFRIGERADOR, modelo domestico, duplex, capacidade total liquida minima de 360 litros, porta totalmente aproveitavel, prateleiras removiveis e regulaveis, gaveta para carne e frios, gavetao para legumes com rodizios, nao utilizar gas CFC, na cor branca, t', 'São Paulo', 'belem', '124404.0000', '124404.0000', '0334', '2004-04-20 00:00:00', '5', 'fundo rotativo de material', '1997-12-01 00:00:00', '1899-12-30 00:00:00', 'nao', 17609, 'JKZ-6200'),
(38, '22', 'VENTILADOR de teto, com exaustor e luminaria com 01 lampada, 04 (quatro) pas metalicas, velocidade minima de 180 rpm, area de ventilacao de no minimo 20 metros quadrados, baixo nivel de ruido, minimo de 03 velocidades, diametro minimo de 110 cm, tensao de', 'São Paulo', 'belem', '590.0000', '590.0000', '0142', '2002-09-03 00:00:00', '4', 'data one comercio serviço ltda', '1998-04-20 00:00:00', '1998-04-07 00:00:00', 'nao', 17523, 'JKZ-6746'),
(39, '8875', 'FREEZER,capacidade minima de 260 litros, vertical, tensao 220 volts, contendo cestos deslizantes e removiveis com frontais transparentes, porta reversivel, na cor branca.', 'São Paulo', 'belem', '959.7000', '23100.0000', '9071', '2002-10-10 00:00:00', '4', 'cobra computadores e sistemas s.a', '1998-05-25 00:00:00', '1998-03-19 00:00:00', 'nao', 17340, 'JKZ-6921'),
(40, '5', 'BEBEDOURO eletrico, tipo pressao, capacidade de refigeracao minima de 40 pessoas servidas por hora, gabinete totalmente confeccionado em chapa em aco inoxidavel, pia superior em aco inoxidavel polido, duas torneiras (para copo e para boca), torneira para', 'São Paulo', 'belem', '2066.7800', '400.0000', '0143', '2004-05-21 00:00:00', '4', 'cobra computadores e sist. brasileiros', '1998-05-25 00:00:00', '1998-03-16 00:00:00', 'nao', 17340, 'JKZ-7052'),
(41, '5', 'BEBEDOURO eletrico, para garrafao de agua mineral de 20 (vinte) litros,\n- tipo coluna, \n- capacidade minima para armazenamento no reservatorio de 2,5 litros\n- gabinete totalmente confeccionado em chapa galvanizada e pintada com tinta em po a base de ep', 'São Paulo', 'belem', '580.0000', '30.0000', '9071', '2002-10-10 00:00:00', '4', 'cobra computadores e sistemas s.a', '1998-05-25 00:00:00', '1998-03-16 00:00:00', 'nao', 17340, 'JKZ-7053'),
(42, '50', 'BEBEDOURO eletrico, para garrafao de agua mineral de 20 (vinte) litros,\n- tipo coluna\n- capacidade minima para armazenamento no reservatorio de 2,5 litros\n- gabinete totalmente confeccionado em chapa galvanizada e pintada com tinta em po a base de epóx', 'São Paulo', 'belem', '630.0000', '0.0000', '6412', '2004-04-27 00:00:00', '2', 'cold air comercial ltda', '2004-05-05 00:00:00', '1999-12-30 00:00:00', 'sim', 17340, 'JKZ-7704'),
(43, '50', 'FRIGOBAR, capacidade minima de 120 litros, tensao 110 volts, congelador, prateleiras deslizantes e removiveis com total aproveitamento, gaveta ou cesto para legumes, porta reversivel.', 'São Paulo', 'belem', '30.0000', '0.0000', '0780', '2004-05-13 00:00:00', '2', 'ita telecounicacoes e sistema ltda', '2004-05-13 00:00:00', '1899-12-30 00:00:00', 'sim', 17769, 'JKZ-7901'),
(44, '50', 'FRIGOBAR, capacidade minima de 120 litros, tensao 220 volts, congelador, prateleiras deslizantes e removiveis com total aproveitamento, gaveta ou cesto para legumes, porta reversivel.', 'São Paulo', 'belem', '1500.0000', '1500.0000', '0174', '2004-11-23 00:00:00', '1', 'fapex - fundacao de apoio a pesquisa  e ', '1998-08-12 00:00:00', '2004-04-16 00:00:00', 'nao', 17769, 'JKZ-8180'),
(45, '27', 'MAQUINA DE FABRICAR DE GELO, aco inox, com deposito incorporado, dimensoes 570 x 540 x 1.110 mm, producao em media 75 Kg/dia, capacidade do deposito 25 Kg, potencia nominal 1/3 hp.', 'São Paulo', 'salvador', '850.0000', '850.0000', '0651', '2004-09-03 00:00:00', '4', 'n.p. barros de itabuna ltda.', '1998-09-23 00:00:00', '1998-08-24 00:00:00', 'nao', 17522, 'JKZ-8183'),
(46, '27', 'CENTRAL DE AR CONDICIONADO, de 60 TR, tensao 220/380 volts, composto dos seguintes itens:\n- 01 unidade resfriadora de liquido (chiller), com condensacao a ar, capacidade unitaria de 60 TRs\n- 02 bombas centrifugas horizontais, vazao unitaria de 32.700 l/', 'São Paulo', 'salvador', '54.0000', '0.0000', '0780', '2004-05-11 00:00:00', '4', 'barros informatica', '2004-05-12 00:00:00', '1198-08-24 00:00:00', 'sim', 17533, 'JKZ-9738'),
(47, '9003', 'CONDICIONADOR DE AR capacidade termica de refrigeracao de 21.000 BTU/h, operacao frio, capacidade de recirculacao do ar nao inferior a 330 m3/h, fator de potencia igual ou superior a 0,92 e eficiencia energetica nao inferior a 10 Kj/Wh, certificado com SE', 'São Paulo', 'belem', '54.0000', '0.0000', '0780', '2004-05-11 00:00:00', '4', 'barros informatica', '2004-05-12 00:00:00', '1198-08-24 00:00:00', 'sim', 17522, 'JLE-0128'),
(48, '9003', 'CONDICIONADOR DE AR capacidade termica de refrigeracao de 7.500 BTU/h, operacao frio, capacidade de recirculacao do ar nao inferior a 330 m3/h, fator de potencia igual ou superior a 0,92 e eficiencia energetica nao inferior a 10 Kj/Wh, certificado com sel', 'São Paulo', 'salvador', '54.0000', '0.0000', '0780', '2004-05-11 00:00:00', '4', 'barros informatica', '2004-05-12 00:00:00', '1198-08-24 00:00:00', 'sim', 16049, 'JLM-2537'),
(49, '9003', 'CONDICIONADOR DE AR capacidade termica de refrigeracao de 30.000 BTU/h, operacao frio, capacidade de recirculacao do ar nao inferior a 330 m3/h, fator de potencia igual ou superior a 0,92 e eficiencia energetica nao inferior a 10 Kj/Wh, tensao de 220 volt', 'São Paulo', 'salvador', '18470.0000', '18470.0000', '0334', '2004-04-26 00:00:00', '5', 'fundo rotativo de material da secre.adm', '1998-09-18 00:00:00', '1899-12-30 00:00:00', 'nao', 16545, 'JLM-9016'),
(50, '9003', 'CONDICIONADOR DE AR capacidade termica de refrigeracao de 18.000 BTU/h, operacao frio, capacidade de recirculacao do ar nao inferior a 330 m3/h, fator de potencia igual ou superior a 0,92 e eficiencia energetica nao inferior a 10 Kj/Wh, tensao de 220 volt', 'São Paulo', 'salvador', '280.0000', '280.0000', '0340', '2003-12-04 00:00:00', '4', 'computer shop com. de equip. informatica', '1998-09-16 00:00:00', '1899-12-30 00:00:00', 'nao', 16545, 'JLM-9070'),
(51, '9003', 'CONDICIONADOR DE AR capacidade termica de refrigeracao de 30.000 BTU/h, operacao frio, capacidade de recirculacao do ar nao inferior a 330 m3/h, fator de potencia igual ou superior a 0,92 e eficiencia energetica nao inferior a 10 Kj/Wh, tensao de 220 volt', 'São Paulo', 'salvador', '280.0000', '280.0000', '0216', '2002-08-30 00:00:00', '4', 'computer shop com. de equip. informatica', '1998-09-16 00:00:00', '1998-09-01 00:00:00', 'nao', 16548, 'JMX-1430'),
(52, '9003', 'CONDICIONADOR DE AR capacidade termica de refrigeracao de 21.000 BTU/h, operacao frio, capacidade de recirculacao do ar nao inferior a 330 m3/h, fator de potencia igual ou superior a 0,92 e eficiencia energetica nao inferior a 10 Kj/Wh, tensao de 220 volt', 'São Paulo', 'salvador', '142.7298', '0.0000', '6418', '2004-07-22 00:00:00', '3', 'tlp industria e comercio de moveis ltda', '2004-07-22 00:00:00', '1999-12-30 00:00:00', 'sim', 16546, 'JMX-1650'),
(53, '29', 'CONDICIONADOR DE AR tipo split, unidade interna horizontal, suspensa no teto, minimo de 27.000 e maximo de 30.000 BTU/h, tensao de 220 volts, funcao de desumidificacao, controle remoto sem fio, sistema de purificacao de ar com 3 tipos de filtros, baixo ni', 'São Paulo', 'belem', '74.7000', '74.7000', '0730', '2004-02-11 00:00:00', '3', 'tlp ind. com. de moveis ltda', '1998-11-16 00:00:00', '1999-12-30 00:00:00', 'nao', 16546, 'JOE-0221'),
(54, '29', 'CONDICIONADOR DE AR tipo split, unidade interna horizontal, fixo em parede, minimo de 8.000 e maximo de 10.000 BTU/h, tensao de 220 volts, funcao de desumidificacao, controle remoto sem fio, sistema de purificacao de ar com 3 tipos de filtros, baixo nivel', 'São Paulo', 'belem', '500.0000', '500.0000', '0334', '2004-01-07 00:00:00', '2', 'ekisom equipamentos p/ veiculos ltda', '1998-11-23 00:00:00', '1899-12-30 00:00:00', 'nao', 16547, 'JPZ-0176'),
(55, '29', 'CONDICIONADOR DE AR tipo split, unidade interna horizontal, suspensa no teto, minimo de 48.000 e maximo de 50.000 BTU/h, tensao de 220 volts, funcao de desumidificacao, controle remoto sem fio, sistema de purificacao de ar com 3 tipos de filtros, baixo ni', 'São Paulo', 'belem', '1029.0000', '1029.0000', '5211', '2003-07-18 00:00:00', '4', 'marlin informatica ltda', '1998-12-28 00:00:00', '1998-12-23 00:00:00', 'nao', 16547, 'JPZ-0945'),
(56, '29', 'CONDICIONADOR DE AR tipo split, unidade interna horizontal, suspensa no teto, minimo de 36.000 e maximo de 40.000 BTU/h, tensao de 220 volts, funcao de desumidificacao, controle remoto sem fio, sistema de purificacao de ar com 3 tipos de filtros, baixo ni', 'São Paulo', 'guarulhos', '1029.0000', '1029.0000', '6510', '2002-07-01 00:00:00', '4', 'marlin informatica ltda', '1998-12-28 00:00:00', '1998-12-23 00:00:00', 'nao', 17533, 'JPZ-2661'),
(57, '29', 'FILTRO DE TELA para condicionador de ar Springer Mundial 21.000 btus., em naylon, dimensoes 42 x 46 cm.', 'São Paulo', 'guarulhos', '1653.2500', '1653.2500', '0291', '2001-08-10 00:00:00', '4', 'microtec sistemas ind. com. s.a', '1998-12-31 00:00:00', '1998-12-23 00:00:00', 'nao', 17533, 'JPZ-2662'),
(58, '29', 'COMPRESSOR para condicionador de ar central, de 5 TR, modelo H23A623KTUA, marca York.', 'São Paulo', 'guarulhos', '310.0000', '310.0000', '6317', '2003-08-15 00:00:00', '4', 'microtec sistemas ind. com. ltda', '1998-12-31 00:00:00', '1998-12-23 00:00:00', 'nao', 17533, 'JPZ-2663'),
(59, '29', 'COMPRESSOR, hermetico rotativo 21.000btus, para condicionador de ar, 220V', 'São Paulo', 'guarulhos', '50.0000', '50.0000', '0291', '2001-02-07 00:00:00', '4', 'microtec sistemas ind. comercio ltda', '1998-12-31 00:00:00', '1998-12-23 00:00:00', 'nao', 17533, 'JPZ-2774'),
(60, '29', 'COMPRESSOR PARA CONDICIONADOR DE AR, modelo PH310 X3 - 3MV, rotativo, para todas as marcas, capacidade 30.000 BTUs, tensao 220 volts.', 'São Paulo', 'guarulhos', '1653.2500', '1653.2500', '3200', '2004-06-14 00:00:00', '4', 'microtec sistemas ind. com. s.a', '1998-12-31 00:00:00', '1998-12-23 00:00:00', 'nao', 17533, 'JPZ-5565'),
(61, '29', 'HELICE, de ventilador para condicionador de ar , consul, 21 a 30.000 btus', 'São Paulo', 'são paulo', '1653.2500', '1653.2500', '5330', '2003-06-13 00:00:00', '4', 'microtec sistemas ind. com. s.a', '1998-12-31 00:00:00', '1998-12-23 00:00:00', 'nao', 17533, 'JQC-0221'),
(62, '29', 'FILTRO PARA CAMARA FRIGORIFICA tipo fbdu, dimensoes: 1428 x 1428mm, de conservacao de cadaveres.', 'São Paulo', 'salvador', '310.0000', '0.0000', '0725', '2004-03-11 00:00:00', '4', 'microtec sistemas ind. com. s.a', '2004-03-29 00:00:00', '1998-12-23 00:00:00', 'sim', 17533, 'JKZ-4291'),
(63, '29', 'COMPRESSOR PARA CONDICIONADOR DE AR, alternativo, marca Consul 30.000 BTUs, 220 volts.', 'São Paulo', 'ilhéus', '50.0000', '50.0000', '3200', '2004-06-14 00:00:00', '4', 'microtec sistemas ind. comércio s/a', '1998-12-31 00:00:00', '1998-12-23 00:00:00', 'nao', 17533, 'JKZ-4947'),
(64, '29', 'SERPENTINA CONDENSADORA para unidade Self Contained modelo SRVB-150 fabricada em tubos de cobre de 3/8\", 4 rows, aletas de alumínio com 14 aletas por polegadas, sendo os tubos de cobre expandido mecanicamente para atingir um contato perfeito entre aleta ', 'São Paulo', 'ilhéus', '1653.2500', '0.0000', '0779', '2004-05-06 00:00:00', '4', 'microtec sistemas ind. com. s.a', '2004-05-25 00:00:00', '1998-12-23 00:00:00', 'sim', 17533, 'JKZ-4948'),
(65, '29', 'UNIDADE DE REFRIGERACAO PARA CAMARA FRIGORIFICA de armazenamento de plasma que garanta a temperatura de -40 graus centigrados no interior da camara, com as seguintes caracteristicas:\n- unidade condensadora equipada com compressor semi-hermetico, tipo sil', 'São Paulo', 'ilhéus', '310.0000', '310.0000', '0211', '2004-07-09 00:00:00', '4', 'microtec sistemas ind. comércio s/a', '1998-12-31 00:00:00', '1998-12-23 00:00:00', 'nao', 17553, 'JKZ-5202'),
(66, '29', 'COMPRESSOR PARA CONDICIONADOR DE AR, modelo ECB 185211, rotativo, para todas as marcas, capacidade de 18.000 BTUs, tensao 220 volts.', 'São Paulo', 'ilhéus', '1653.2500', '1653.2500', '0677', '2003-12-10 00:00:00', '4', 'microtec sistemas ind. com. s.a', '1998-12-31 00:00:00', '1998-12-23 00:00:00', 'nao', 17553, 'JKZ-6200'),
(67, '23', 'COMPRESSOR PARA CONDICIONADOR DE AR hermetico, rotativo, marca Springer Mundial, 21.000 BTU\'s, 220 V', 'São Paulo', 'salvador', '310.0000', '310.0000', '6415', '2003-07-22 00:00:00', '4', 'microtec sistemas ind. com. s.a', '1998-12-31 00:00:00', '1998-12-23 00:00:00', 'nao', 17553, 'JKZ-6746'),
(68, '23', 'COMPRESSOR PARA CONDICIONADOR DE AR, modelo AK 100, rotativo, para todas as marcas, capacidade 10.000 BTUs, tensao de 220 volts.', 'São Paulo', 'salvador', '50.0000', '50.0000', '1090', '2002-10-01 00:00:00', '4', 'microtec sistemas ind. com. s.a', '1998-12-31 00:00:00', '1998-12-23 00:00:00', 'nao', 17553, 'JKZ-6921'),
(69, '23', 'ROLAMENTO PARA CONDICIONADOR DE AR de esfera, blindado, universal, modelo 6207ZZ, uso no ventilador.', 'São Paulo', 'salvador', '1653.2500', '1653.2500', '9071', '2001-01-19 00:00:00', '4', 'microtec sistemas ind. com. s.a', '1998-12-31 00:00:00', '1998-12-23 00:00:00', 'nao', 17553, 'JKZ-7052'),
(70, '23', 'CHASSIS PARA CONDICIONADOR DE AR marca Consul convencional, de 30.000 BTU\'s, de 220 Volts.', 'São Paulo', 'salvador', '310.0000', '310.0000', '5210', '2002-11-01 00:00:00', '4', 'microtec sistemas ind. com. s.a', '1998-12-31 00:00:00', '1998-12-23 00:00:00', 'nao', 17553, 'JKZ-7053'),
(71, '23', 'COMPRESSOR PARA CONDICIONADOR DE AR, hermetico rotativo marca Springer Mundial, 12.000 BTU/h, tensao 220 volts.', 'São Paulo', 'salvador', '50.0000', '50.0000', '9071', '2000-08-29 00:00:00', '4', 'microtec sistemas ind. com. s.a', '1998-12-31 00:00:00', '1998-12-23 00:00:00', 'nao', 17553, 'JKZ-7704'),
(72, '23', 'MOTOR PARA VENTILADOR de condicionador de ar, 1/4 , marca Springer, de 21.000 BTU/h, tensao de 220 volts.', 'São Paulo', 'salvador', '1653.2500', '1653.2500', '6502', '2004-03-08 00:00:00', '4', 'microtec sistemas ind. com. s.a', '1998-12-31 00:00:00', '1998-12-23 00:00:00', 'nao', 17553, 'JKZ-7901'),
(73, '28', 'MOTOR PARA VENTILADOR, de condicionador de ar, 1/8, marca Consul Master 18000 BTU\'s, 220 volts', 'Salvador', 'guarulhos', '310.0000', '310.0000', '0633', '2002-09-20 00:00:00', '4', 'microtec sistemas ind. com. s.a', '1998-12-31 00:00:00', '1998-12-23 00:00:00', 'nao', 17553, 'JKZ-8180'),
(74, '28', 'COMPRESSOR PARA CENTRAL DE AR Trane, de 5 tr, referencia s/nº 5LO7S-5454 m=crhho75s johoo, trifasico, tensao de 220 volts', 'São Paulo', 'guarulhos', '50.0000', '50.0000', '1060', '2001-07-10 00:00:00', '4', 'microtec sistemas ind. com. s.a', '1998-12-31 00:00:00', '1998-12-23 00:00:00', 'nao', 17553, 'JKZ-8183'),
(75, '9006', 'CONTROLE REMOTO para condicionador de ar, de teto, tipo Split, com capacidade de 12.000 BTUs, marca Springer Carrier, modelo Inovare FR06320020.', 'São Paulo', 'guarulhos', '1653.2500', '1653.2500', '5210', '2002-11-01 00:00:00', '4', 'microtec sistemas ind. com. s.a', '1998-12-31 00:00:00', '1998-12-23 00:00:00', 'nao', 17800, 'JKZ-9738'),
(76, '9006', 'CONTROLE REMOTO para condicionador de ar, de parede, tipo Split, com capacidade de 10.000 BTUs, marca Springer Carrier, modelo Inovare FR06320020.', 'São Paulo', 'guarulhos', '310.0000', '310.0000', '0633', '2002-09-20 00:00:00', '4', 'microtec sistemas ind. com. s.a', '1998-12-31 00:00:00', '1998-12-23 00:00:00', 'nao', 17800, 'JLE-0128'),
(77, '7081', 'CAMARA DE VENTILACAO para condicionador de ar, tipo janela, capacidade de refrigeracao de 21.000 BTU/h, modelo Consul Master, marca Consul.', 'São Paulo', 'guarulhos', '50.0000', '50.0000', '0633', '2002-09-20 00:00:00', '4', 'microtec sistemas ind. com. s.a', '1998-12-31 00:00:00', '1998-12-23 00:00:00', 'nao', 16545, 'JLM-2537'),
(78, '53', 'CAPILAR para condicionador de ar, tipo janela, capacidade de refrigeracao de 21.000 BTU/h, modelo Consul Master, marca Consul.', 'São Paulo', 'são paulo', '1653.2500', '1653.2500', '1035', '2003-02-12 00:00:00', '4', 'microtec sistemas ind. com. s.a', '1998-12-31 00:00:00', '1998-12-23 00:00:00', 'nao', 17609, 'JLM-9016'),
(79, '53', 'COMPRESSOR PARA CONDICIONADOR DE AR, modelo ECB 215211, rotativo, para todas as marcas, capaciade 21.000 BTUs, tensao 220 volts.', 'São Paulo', 'salvador', '310.0000', '310.0000', '0212', '2000-08-29 00:00:00', '4', 'microtec sistemas ind. com. s.a', '1998-12-31 00:00:00', '1998-12-23 00:00:00', 'nao', 17022, 'JLM-9070'),
(80, '36', 'VALVULA PARA CENTRAL DE AR CONDICIONADO de expansao de 10 TR, modelo RP2015A, marca Hitachi', 'São Paulo', 'ilhéus', '50.0000', '50.0000', '6502', '2004-03-08 00:00:00', '4', 'microtec sistemas ind. com. s.a', '1998-12-31 00:00:00', '1998-12-23 00:00:00', 'nao', 17022, 'JMX-1430'),
(81, '36', 'MOTOR DO CONDENSADOR da central de da ar condicionado, capacidade 7,5 TR, marca York, modelo do Evaporador BAX 1025E0200, modelo do Condensador REM0525, tensao de 220 volts.', 'São Paulo', 'ilhéus', '1653.2500', '1653.2500', '0143', '2004-07-09 00:00:00', '4', 'microtec sistemas ind. com. s.a', '1998-12-31 00:00:00', '1998-12-23 00:00:00', 'nao', 17022, 'JMX-1650'),
(82, '36', 'PLACA DE COMANDO para condicionador de ar Split, tipo parede, capacidade de refrigeracao de 18.000 BTU/h, marca Elgin.', 'São Paulo', 'ilhéus', '310.0000', '310.0000', '9071', '2001-01-19 00:00:00', '4', 'microtec sistemas ind. com. s.a', '1998-12-31 00:00:00', '1998-12-23 00:00:00', 'nao', 17022, 'JOE-0221'),
(83, '36', 'COMPRESSOR PARA CONDICIONADOR AR rotativo, marca Elgin, 18.000 BTU\'s, modelo SCFI 18000-2, 220 volts.', 'São Paulo', 'ilhéus', '50.0000', '50.0000', '9071', '2002-09-05 00:00:00', '4', 'microtec sistemas ind. com. s.a', '1998-12-31 00:00:00', '1998-12-23 00:00:00', 'nao', 17022, 'JOE-0301'),
(84, '36', 'TERMOSTATO PARA CONDICIONADOR DE AR Split, tipo parede, capacidade de refrigeracao de 18.000 BTU/h, marca Elgin.', 'São Paulo', 'recife', '1653.2500', '1653.2500', '9071', '2000-08-29 00:00:00', '4', 'microtec sistemas ind. com. s.a', '1998-12-31 00:00:00', '1998-12-23 00:00:00', 'nao', 17610, 'JPZ-0176'),
(85, '36', 'VALVULA PARA CENTRAL DE AR CONDICIONADO de expansao Tixa de 5 TR, modelo AAE5HW100, marca York.', 'São Paulo', 'recife', '310.0000', '310.0000', '0633', '2002-09-20 00:00:00', '4', 'microtec sistemas ind. com. s.a', '1998-12-31 00:00:00', '1998-12-23 00:00:00', 'nao', 16760, 'JPZ-0945'),
(86, '36', 'TERMOSTATO para condicionador de ar, marca Consul, 21.000 Btu\'s, modelo 73 dca 121503d.', 'Salvador', 'recife', '50.0000', '50.0000', '9071', '2000-08-29 00:00:00', '4', 'microtec sistemas ind. com. s.a', '1998-12-31 00:00:00', '1998-12-23 00:00:00', 'nao', 16127, 'JPZ-2661'),
(87, '36', 'CORREIA em V para central de ar condicionado Ref: A-38', 'Salvador', 'belem', '1653.2500', '1653.2500', '0142', '2003-07-03 00:00:00', '4', 'microtec sistemas ind. com. s.a', '1998-12-31 00:00:00', '1998-12-23 00:00:00', 'nao', 16045, 'JPZ-2662'),
(88, '9175', 'CORREIA em V para central de ar condicionado Ref: A-39', 'Salvador', 'belem', '310.0000', '310.0000', '0143', '2003-12-23 00:00:00', '4', 'microtec sistemas ind. com. s.a', '1998-12-31 00:00:00', '1998-12-23 00:00:00', 'nao', 16127, 'JPZ-2663'),
(89, '9175', 'CORREIA em V para central de ar condicionado Ref: B-52', 'Salvador', 'belem', '50.0000', '50.0000', '0212', '2000-08-29 00:00:00', '4', 'microtec sistemas ind. com. s.a', '1998-12-31 00:00:00', '1998-12-23 00:00:00', 'nao', 16045, 'JPZ-2774'),
(90, '9175', 'CORREIA em V para central de ar condicionado Ref: B-53', 'Salvador', 'salvador', '1653.2500', '1653.2500', '5341', '2002-08-07 00:00:00', '4', 'microtec sistemas ind. com. s.a', '1998-12-31 00:00:00', '1998-12-23 00:00:00', 'nao', 16052, 'JPZ-5565'),
(91, '9175', 'CORREIA em V para central de ar condicionado Ref: B-54', 'Salvador', 'salvador', '310.0000', '310.0000', '5110', '2002-03-15 00:00:00', '4', 'microtec sistemas ind. com. s.a', '1998-12-31 00:00:00', '1998-12-23 00:00:00', 'nao', 16052, 'JQC-0221'),
(92, '9175', 'CORREIA em V para central de ar condicionado Ref: B-55', 'Salvador', 'belem', '50.0000', '50.0000', '0633', '2002-09-20 00:00:00', '4', 'microtec sistemas ind. com. s.a', '1998-12-31 00:00:00', '1998-12-23 00:00:00', 'nao', 16052, 'AAA-9999'),
(93, '9175', 'CORREIA em V para central de ar condicionado Ref: B-56', 'Salvador', 'sao paulo', '1653.2500', '1653.2500', '0633', '2002-09-20 00:00:00', '4', 'microtec sistemas ind. com. s.a', '1998-12-31 00:00:00', '1998-12-23 00:00:00', 'nao', 16052, 'JKZ-1434'),
(94, '43', 'CORREIA em V para central de ar condicionado Ref: B-57', 'Salvador', 'vitoria da conquista', '310.0000', '310.0000', '5130', '2003-03-28 00:00:00', '4', 'microtec sistemas ind. com. s.a', '1998-12-31 00:00:00', '1998-12-23 00:00:00', 'nao', 16052, 'JKZ-4291'),
(95, '43', 'VALVULA para central de ar condicionado de expansao modelo: TIXA de 8 TR', 'Salvador', 'vitoria da conquista', '50.0000', '50.0000', '5210', '2002-11-01 00:00:00', '4', 'microtec sistemas ind. com. s.a', '1998-12-31 00:00:00', '1998-12-23 00:00:00', 'nao', 16052, 'JKZ-4947'),
(96, '43', 'FILTRO SECADOR para central de ar condicionado Ref: 105 x 3/8\" R', 'Salvador', 'vitoria da conquista', '1653.2500', '1653.2500', '0633', '2002-09-20 00:00:00', '4', 'microtec sistemas ind. com. s.a', '1998-12-31 00:00:00', '1998-12-23 00:00:00', 'nao', 16764, 'JKZ-4948'),
(97, '43', 'FILTRO PARA AGUA, de carvao ativado, para bebedouro eletrico tipo pressao Aqua Master - Genarex, modelo AMP 4 M, dimensoes aproximadas : 15 cm de comprimento e 5 cm de diametro.', 'Salvador', 'vitoria da conquista', '310.0000', '310.0000', '0404', '2003-07-22 00:00:00', '4', 'microtec sistemas ind. com. s.a', '1998-12-31 00:00:00', '1998-12-23 00:00:00', 'nao', 16052, 'JKZ-5202'),
(98, '43', 'ELEMENTO FILTRANTE, de carvao ativado, para filtro de agua, dimensoes : 55 mm de diametro e 148 mm de comprimento.', 'Salvador', 'vitoria da conquista', '50.0000', '50.0000', '0633', '2002-09-20 00:00:00', '4', 'microtec sistemas ind. com. s.a', '1998-12-31 00:00:00', '1998-12-23 00:00:00', 'nao', 16823, 'JKZ-6200'),
(99, '41', 'FILTRO SECADOR para central de ar condicionado, ref. 210/5/8\" R, para central de ar Hitachi.', 'Salvador', 'vitoria da conquista', '1653.2500', '0.0000', '0725', '2004-03-11 00:00:00', '4', 'microtec sistemas ind. com. s.a', '2004-03-29 00:00:00', '1998-12-23 00:00:00', 'sim', 17768, 'JKZ-6746'),
(100, '41', 'COMPRESSOR PARA CONDICIONADOR DE AR, alternativo, 12.000 btus, 110 volts.', 'Salvador', 'vitoria da conquista', '310.0000', '310.0000', '5330', '2003-06-13 00:00:00', '4', 'microtec sistemas ind. com. s.a', '1998-12-31 00:00:00', '1998-12-23 00:00:00', 'nao', 17654, 'JKZ-6921'),
(101, '41', 'VALVULA, de expansao, Chiller Bryant, modelo ACTB 05026, CLRS serie 4900B26505.', 'Salvador', 'vitoria da conquista', '50.0000', '50.0000', '5341', '2002-08-07 00:00:00', '4', 'microtec sistemas ind. com. s.a', '1998-12-31 00:00:00', '1998-12-23 00:00:00', 'nao', 17654, 'JKZ-7052'),
(102, '41', 'COMPRESSOR PARA CONDICIONADOR DE AR alternativo, 18.000 btus, 220 volts.', 'Salvador', 'vitoria da conquista', '1653.2500', '0.0000', '6422', '2004-08-18 00:00:00', '4', 'microtec sistemas ind. com. s.a', '2004-08-23 00:00:00', '1998-12-23 00:00:00', 'sim', 17763, 'JKZ-7053'),
(103, '41', 'CONDENSADOR PARA CONDICIONADOR DE AR, capacidade de 10.000 btus, Consul Master, tensao 220 volts.', 'Salvador', 'vitoria da conquista', '310.0000', '310.0000', '0633', '2002-09-20 00:00:00', '4', 'microtec sistemas ind. com. s.a', '1998-12-31 00:00:00', '1998-12-23 00:00:00', 'nao', 17650, 'JKZ-7704'),
(104, '41', 'CONDENSADOR PARA CONDICIONADOR DE AR, capacidade de 21.000 btus, Springer Mundial, tensao 220 volts.', 'Salvador', 'vitoria da conquista', '50.0000', '50.0000', '0633', '2002-09-20 00:00:00', '4', 'microtec sistemas ind. com. s.a', '1998-12-31 00:00:00', '1998-12-23 00:00:00', 'nao', 17144, 'JKZ-7901'),
(105, '64', 'COMPRESSOR PARA CENTRAL DE AR, marca Hitachi, de 10 TR, modelo 1.000 FH4, trifasico, 220 volts.', 'Salvador', 'vitoria da conquista', '1653.2500', '1653.2500', '5000', '2002-08-15 00:00:00', '4', 'microtec sistemas ind. com. s.a', '1998-12-31 00:00:00', '1998-12-23 00:00:00', 'nao', 16047, 'JKZ-8180'),
(106, '9110', 'GAS, HCSC 141 B, para limpeza de condicionadores de ar.\nEmbalagem: em cilindro.', 'Salvador', 'vitoria da conquista', '310.0000', '310.0000', '9071', '2000-08-29 00:00:00', '4', 'microtec sistemas ind. com. s.a', '1998-12-31 00:00:00', '1998-12-23 00:00:00', 'nao', 17915, 'JKZ-8183'),
(107, '9110', 'GAS NITROGENIO, para condicionador de ar.\nEmbalagem: cilindro de 9m³, 6,6m³ ou 1m³.', 'Salvador', 'vitoria da conquista', '50.0000', '50.0000', '1035', '2003-02-12 00:00:00', '4', 'microtec sistemas ind. com. s.a', '1998-12-31 00:00:00', '1998-12-23 00:00:00', 'nao', 16054, 'JKZ-9738'),
(108, '9110', 'COMPRESSOR PARA CONDICIONADOR DE AR, rotativo, marca Springer (Royal 180R23F), 18.000 BTUs, 220 volts.', 'Salvador', 'belem', '1653.2500', '1653.2500', '0633', '2002-09-20 00:00:00', '4', 'microtec sistemas ind. com. s.a', '1998-12-31 00:00:00', '1998-12-23 00:00:00', 'nao', 17345, 'JLE-0128'),
(109, '9110', 'COMPRESSOR PARA CONDICIONADOR DE AR alternativo, marca Springer Mundial, 10.000 BTU/h, tensao 220 volts.', 'Salvador', 'belem', '310.0000', '310.0000', '1024', '2001-01-19 00:00:00', '4', 'microtec sistemas ind. com. s.a', '1998-12-31 00:00:00', '1998-12-23 00:00:00', 'nao', 16051, 'JLM-2537'),
(110, '42', 'TURBINA PARA CONDICIONADOR DE AR tipo split, dupla, com eixo de 3/4, para evaporadora de 4TR, modelo N2AH320, marca York, tensao de 220 volts.', 'Salvador', 'belem', '1653.2500', '1653.2500', '0633', '2002-09-20 00:00:00', '4', 'microtec sistemas ind. com. s.a', '1998-12-31 00:00:00', '1998-12-23 00:00:00', 'nao', 17019, 'JLM-9016'),
(111, '8694', 'VENTILADOR de teto com luminaria, com 4 pas em madeira, 110 cm de diametro, 3 velocidades, tensao 110 volts.', 'Salvador', 'belem', '310.0000', '310.0000', '0217', '2003-03-14 00:00:00', '4', 'microtec sistemas ind. com. s.a', '1998-12-31 00:00:00', '1998-12-23 00:00:00', 'nao', 16532, 'JLM-9070'),
(112, '8694', 'VENTILADOR turbo de parede com borracha amortecedora, 03 velocidades, helice com diametro de 40 cm, motor eletrico, tensao de 110/220 volts, 04 pas em aluminio, grade protetora metalica com diametro de 50 cm.', 'São Paulo', 'belem', '50.0000', '50.0000', '5330', '2003-06-17 00:00:00', '4', 'microtec sistemas ind. com. s.a', '1998-12-31 00:00:00', '1998-12-23 00:00:00', 'nao', 16603, 'JMX-1430'),
(113, '72', 'APARELHO DESUMIDIFICADOR, construido externamente em chapa de aco revestida com pintura epoxi e internamente em aluminio, compressor hermetico, ventilador, rodizios e alcas laterais, reservatorio para recolha de agua, controle automatico da umidade atrave', 'São Paulo', 'belem', '1653.2500', '1653.2500', '9071', '2003-06-26 00:00:00', '4', 'microtec sistemas ind. com. s.a', '1998-12-31 00:00:00', '1998-12-23 00:00:00', 'nao', 16478, 'JMX-1650'),
(114, '88', 'EXAUSTOR tipo domestico, eletrico, corpo em chapa de aco, dimensao 300 x 230 mm, 110/220 Volts.', 'São Paulo', 'belem', '310.0000', '310.0000', '1090', '2002-10-01 00:00:00', '4', 'microtec sistemas ind. com. s.a', '1998-12-31 00:00:00', '1998-12-23 00:00:00', 'nao', 16478, 'JOE-0221'),
(115, '91', 'VENTILADOR de teto, com exaustor, 04 (quatro) pas metalicas, velocidade minima de 180 rpm, area de ventilacao de no minimo 20 metros quadrados, baixo nivel de ruido, minimo de 03 velocidades, diametro minimo de 110 cm, tensao de 110 volts, garantia de no', 'São Paulo', 'belem', '50.0000', '50.0000', '9071', '2003-10-21 00:00:00', '4', 'microtec sistemas ind. com. s.a', '1998-12-31 00:00:00', '1998-12-23 00:00:00', 'nao', 17603, 'JOE-0301'),
(116, '106', 'APARELHO ODORIZADOR automatico de ambiente, cor branca, a pilha, dimensoes aproximadas 240 x 85 x 90 mm.', 'São Paulo', 'belem', '1653.2500', '0.0000', '6412', '2004-04-20 00:00:00', '4', 'microtec sistemas ind. com. s.a', '2004-05-05 00:00:00', '1998-12-23 00:00:00', 'sim', 16478, 'JPZ-0176'),
(117, '4821', 'VENTILADOR de teto, corpo em nylon, 03 pas em polipropileno com tratamento UV, area aproximada de conforto termico 18m2, rotacao maxima aproximada de 450 RPM, peso aproximado 5kg, consumo aproximado 70 watts, tensao 220/127volts.\ngarantia de 1ano', 'São Paulo', 'belem', '310.0000', '310.0000', '0216', '2002-12-19 00:00:00', '4', 'microtec sistemas ind. com. s.a', '1998-12-31 00:00:00', '1998-12-23 00:00:00', 'nao', 16396, 'JPZ-0945'),
(118, '4821', 'SISTEMA DE EXAUSTAO em aco inox 304, para exaurir gases liberados da chapa quente, composta de uma coifa medindo 3600 x 2000 x 500mm, com estrutura equipada com uma placa de filtro em arame galvanizado entrelacados, um exaustor axial, diametro de 450mm, 3', 'São Paulo', 'belem', '50.0000', '50.0000', '3100', '2002-09-04 00:00:00', '4', 'microtec sistemas ind. com. s.a', '1998-12-31 00:00:00', '1998-12-23 00:00:00', 'nao', 16437, 'JPZ-2661'),
(119, '122', 'VENTILADOR PARA TORRE DE REFRIGERACAO modelo Sid- 440/3 - I/H 180 R2, com vazao de ar de 18144 m3/h, pressao estatica 15 mmCA, rotacao 676 rpm, velocidade de descarga 16,3 m/s, potencia absorvida (op) 4,43 cv, sentido horario, sem motor, com os seguintes', 'São Paulo', 'belem', '1653.2500', '1653.2500', '6223', '2002-08-23 00:00:00', '4', 'microtec sistemas ind. com. s.a', '1998-12-31 00:00:00', '1998-12-23 00:00:00', 'nao', 17606, 'JPZ-2662'),
(120, '122', 'EXAUSTOR axial, diametro de 40 cm, potencia de 1/3 de HP, vazao de 4.800 m3 com, coifa de chapa galvanizada', 'São Paulo', 'belem', '310.0000', '310.0000', '0633', '2002-09-20 00:00:00', '4', 'microtec sistemas ind. com. s.a', '1998-12-31 00:00:00', '1998-12-23 00:00:00', 'nao', 17144, 'JPZ-2663'),
(121, '122', 'PECA FACIAL PARA EQUIPAMENTO DE RESGATE de ar comprimido, compativel com equipamento PA90 Drager, confeccionada em borracha atoxica e macia (mascara), que permita um perfeita amoldamento a estrutura facial do usuario e permita uma perfeita vedacao, resist', 'São Paulo', 'belem', '50.0000', '50.0000', '6352', '2002-08-01 00:00:00', '4', 'microtec sistemas ind. com. s.a', '1998-12-31 00:00:00', '1998-12-23 00:00:00', 'nao', 17015, 'JPZ-2774'),
(122, '8439', 'VALVULA DE DEMANDA PARA EQUIPAMENTO DE RESGATE de ar comprimido, compativel com equipamento Drager, conectado a peca facial atraves de sistema de engate rapito. Deve ser de pressao positiva automatica no interior da peca facial, sendo acionada ao primeiro', 'São Paulo', 'belem', '1653.2500', '1653.2500', '6425', '2004-09-17 00:00:00', '4', 'microtec sistemas ind. com. s.a', '1998-12-31 00:00:00', '1998-12-23 00:00:00', 'nao', 17345, 'JPZ-5565'),
(123, '107', 'REDUTOR DE PRESSAO PARA EQUIPAMENTO DE RESGATE de ar comprimido, de liga metalica de alta resistencia a altas temperaturas e acoes mecanicas, compativel com equipamento Drager. Estar montada no suporte costal e possuir no minimo quatro saidas: uma para va', 'São Paulo', 'belem', '310.0000', '310.0000', '0460', '2002-04-29 00:00:00', '4', 'microtec sistemas ind. com. s.a', '1998-12-31 00:00:00', '1998-12-23 00:00:00', 'nao', 17341, 'JQC-0221'),
(124, '8860', 'MANGUEIRA PARA EQUIPAMENTO DE RESGATE de ar comprimido, de alta pressao, compativel ao equipamento Drager, reforcada internamente com tramas de aco, resistente duas vezes a pressao maxima do cilindro. Resistente a altas temperaturas. O comprimento devera', 'São Paulo', 'belem', '50.0000', '50.0000', '6425', '2004-09-17 00:00:00', '4', 'microtec sistemas ind. com. s.a', '1998-12-31 00:00:00', '1998-12-23 00:00:00', 'nao', 16404, 'JKZ-5202'),
(125, '8860', 'MANOMETRO PARA EQUIPAMENTO DE RESGATE de ar comprimido, do tipo disco com escala variando de 0 a 450 bar, compativel com equipamento Drager. O mostrador deve ser fluorescente e nao deve emitir radiacoes prejudiciais a saude. Deve ser posicionado a altura', 'São Paulo', 'belem', '1653.2500', '1653.2500', '6425', '2004-09-17 00:00:00', '4', 'microtec sistemas ind. com. s.a', '1998-12-31 00:00:00', '1998-12-23 00:00:00', 'nao', 16478, 'JKZ-6200'),
(126, '20', 'LAMINA PARA ABAFADOR em borracha especial na cor preta, resistentes a altas temperaturas, dimensoes 40 cm (comprimento) x 30 cm (largura) x 6 mm (espessura), com 16 orificios de 1 cm de diametro separados de forma equidistante um do outro, peso maximo de', 'São Paulo', 'belem', '310.0000', '310.0000', '6425', '2004-09-17 00:00:00', '4', 'microtec sistemas ind. com. s.a', '1998-12-31 00:00:00', '1998-12-23 00:00:00', 'nao', 17637, 'JKZ-6746'),
(127, '20', 'LIQUIDO GERADOR DE ESPUMA AFFF 3% para combate a incendio de Classe B envolvendo derivados de petroleo: gasolina, querosene e oleo diesel.\nEmbalagem com 20 litros', 'São Paulo', 'belem', '50.0000', '50.0000', '0243', '2002-09-10 00:00:00', '4', 'microtec sistemas ind. com. s.a', '1998-12-31 00:00:00', '1998-12-23 00:00:00', 'nao', 17345, 'JKZ-6921'),
(128, '26', 'CALCA PARA COMBATE E APROXIMACAO A INCENDIO Camada externa fixa em tecido plano composto 75% de meta-aramida , 23% para-aramida e 2% de fibra anti-estatica com 195g/m2 na cor preta.\nResistencia mecanica e termica; \nEspecificacoes Tecnicas: Tecido plano', 'Salvador', 'belem', '1653.2500', '1653.2500', '0343', '2001-07-10 00:00:00', '4', 'microtec sistemas ind. com. s.a', '1998-12-31 00:00:00', '1998-12-23 00:00:00', 'nao', 16048, 'JKZ-7052'),
(129, '137', 'CALCA PARA COMBATE E APROXIMACAO A INCENDIO Camada externa fixa em tecido plano composto 75% de meta-aramida , 23% para-aramida e 2% de fibra anti-estatica com 195g/m2 na cor preta.\nResistencia mecanica e termica; \nEspecificacoes Tecnicas: Tecido plano', 'Salvador', 'belem', '310.0000', '310.0000', '9071', '2002-09-05 00:00:00', '4', 'microtec sistemas ind. com. s.a', '1998-12-31 00:00:00', '1998-12-23 00:00:00', 'nao', 16439, 'JKZ-7053'),
(130, '137', 'TANQUE MOTO BOMBA, capacidade de 9.000 litros de agua, com as seguintes caracteristicas abaixo:\nEstrutura: construido em chapa de aco carbono SAE 1008/1010, com espessura 3/16 polegadas na parte inferior e 3,4 mm no restante do corpo do tanque, que dever', 'Salvador', 'salvador', '50.0000', '50.0000', '6425', '2004-09-17 00:00:00', '4', 'microtec sistemas ind. com. s.a', '1998-12-31 00:00:00', '1998-12-23 00:00:00', 'nao', 16439, 'JKZ-7704'),
(131, '63', 'EXTINTOR de po quimico seco 6 kg.', 'Salvador', 'salvador', '1653.2500', '1653.2500', '0483', '2002-05-17 00:00:00', '4', 'microtec sistemas ind. com. s.a', '1998-12-31 00:00:00', '1998-12-23 00:00:00', 'nao', 17144, 'JKZ-7901'),
(132, '63', 'EXTINTOR de CO2, capacidade 6 Kg, com selo de conformidade ABNT/INMETRO.', 'São Paulo', 'belem', '310.0000', '310.0000', '0006', '2001-06-21 00:00:00', '4', 'microtec sistemas ind. com. s.a', '1998-12-31 00:00:00', '1998-12-23 00:00:00', 'nao', 16399, 'JKZ-8180'),
(133, '63', 'EXTINTOR, CO2.\nEmbalagem: cilindro com capacidade de 1,0 Kg', 'São Paulo', 'salvador', '50.0000', '50.0000', '6425', '2004-09-17 00:00:00', '4', 'microtec sistemas ind. com. s.a', '1998-12-31 00:00:00', '1998-12-23 00:00:00', 'nao', 16053, 'JKZ-8183'),
(134, '63', 'FILTRO RESPIRATORIO, combinados, para vapores organicos, gases acidos, amonia e dioxido de enxofre, classes 1 e 2, concentracao 1.000 ppm a 5.000 ppm.', 'São Paulo', 'salvador', '1653.2500', '1653.2500', '6425', '2004-09-17 00:00:00', '4', 'microtec sistemas ind. com. s.a', '1998-12-31 00:00:00', '1998-12-23 00:00:00', 'nao', 16439, 'JKZ-9738'),
(135, '63', 'CAPACETE DE MOTOCICLISTA modelo fechado, em ABS de alta resistencia, trava de engate rapido com anel antifurto, elementos de sinalizacao refletivos, peso medio 1.450 A 1.500 g, viseira injetavel de 1,5mm, material em policarbonato com abertura manual e 07', 'São Paulo', 'salvador', '310.0000', '310.0000', '0322', '2001-06-21 00:00:00', '4', 'microtec sistemas ind. com. s.a', '1998-12-31 00:00:00', '1998-12-23 00:00:00', 'nao', 16478, 'JLE-0128'),
(136, '63', 'OCULOS PARA MOTOCICLISTA, de protecao individual, armacao injetada em nylon 6.6, articulada com parafusos de cobre branco niquelados a prova de deformacoes e oxidacao, cores metalicas com pigmentacao importada, hastes regulaveis com 04 posicoes de ajustes', 'São Paulo', 'salvador', '680.0000', '680.0000', '0172', '2000-04-19 00:00:00', '4', 'advance video ltda', '1998-12-08 00:00:00', '1998-11-20 00:00:00', 'nao', 16439, 'JLM-2537'),
(137, '63', 'ENGATE RAPIDO PARA RESPIRACAO AUTONOMA femea, em aco inox, compatível ao equipamento de respiracao autonoma marca Drager PA-90', 'São Paulo', 'salvador', '430.0000', '430.0000', '0334', '2004-01-07 00:00:00', '2', 'ekisom equip. para veic. ltda', '1998-12-21 00:00:00', '1899-12-30 00:00:00', 'nao', 16824, 'JLM-9016'),
(138, '63', 'BLUSAO PARA COMBATE E APROXIMACAO A INCENDIO, Camada externa fixa em tecido plano composto 75% de meta-aramida , 23% para-aramida e 2% de fibra anti-estatica com 195g/m2 na cor preta.\nResistencia mecanica e termica; \nEspecificacoes Tecnicas: Tecido plan', 'Curitiba', 'belem', '3693.7699', '3693.7699', '6331', '2003-05-01 00:00:00', '1', 'fundação arthur bernardes', '1999-02-26 00:00:00', '1998-10-23 00:00:00', 'nao', 17637, 'JLM-9070');

